left,right,relation,dose,left_support,right_support,joint_support,interaction,full,without_left,without_right,without_both,left_conditional,right_conditional,sham_error,numeric_ok,readout,case_id,source_id,side,phase,position,seed,opposed_finite_effects,left_direction_changes,right_direction_changes,nonadditive_effect,small_singles_large_joint
L18H22_head_total,L31H14_head_total,different_heads,0.25,-0.096909623251018,0.0269012451171892,-0.0289469767666412,-0.0410614013671875,7.643988308470591,7.74089793172161,7.617087063353402,7.672935285237233,-0.0558482218838305,0.0679626464843767,0.0,True,sequence_margin,14315_headwear_scope,14315,supported,onset,35,1,False,False,False,False,False
L18H22_head_total,L31H14_head_total,different_heads,1.0,0.0551493552681989,1.1280117034912092,1.3019106772896851,-0.1187496185302769,7.643988308470591,7.588838953202392,6.515976604979382,6.342077631180906,0.1738989737984759,1.2467613220214862,0.0,True,sequence_margin,14315_headwear_scope,14315,supported,onset,35,1,False,False,False,True,False
L18H22_head_total,L17H27_head_total,different_heads,0.25,-0.096909623251018,0.3554653014382349,0.2590644817775374,-0.0005088035903204,7.643988308470591,7.74089793172161,7.288523007032357,7.384923826693054,-0.0964008196606975,0.3559741050285554,0.0,True,sequence_margin,14315_headwear_scope,14315,supported,onset,35,1,True,False,False,False,False
L18H22_head_total,L17H27_head_total,different_heads,1.0,0.0551493552681989,1.1409283572785132,1.1995372331975602,-0.003459520650848,7.643988308470591,7.588838953202392,6.503059951192078,6.444451075273031,0.058608875919047,1.1443878779293613,0.0,True,sequence_margin,14315_headwear_scope,14315,supported,onset,35,1,False,False,False,False,False
L18H22_head_total,L18H20_head_total,different_heads,0.25,-0.096909623251018,0.0162514201780128,0.0718502948639514,-0.1525084979369566,7.643988308470591,7.74089793172161,7.627736888292579,7.57213801360664,0.0555988746859386,0.1687599181149695,0.0,True,sequence_margin,14315_headwear_scope,14315,supported,onset,35,1,False,True,False,True,False
L18H22_head_total,L18H20_head_total,different_heads,1.0,0.0551493552681989,0.4061772893072746,-0.3907315932673167,0.8520582378427903,7.643988308470591,7.588838953202392,7.237811019163317,8.034719901737908,-0.7969088825745914,-0.4458809485355157,0.0,True,sequence_margin,14315_headwear_scope,14315,supported,onset,35,1,False,True,True,True,False
L31H14_head_total,L17H27_head_total,different_heads,0.25,0.0269012451171892,0.3554653014382349,0.3487972106179224,0.0335693359375017,7.643988308470591,7.617087063353402,7.288523007032357,7.295191097852669,-0.0066680908203125,0.3218959655007332,0.0,True,sequence_margin,14315_headwear_scope,14315,supported,onset,35,1,False,False,False,False,False
L31H14_head_total,L17H27_head_total,different_heads,1.0,1.1280117034912092,1.1409283572785132,2.196873753701855,0.0720663070678675,7.643988308470591,6.515976604979382,6.503059951192078,5.447114554768737,1.0559453964233416,1.0688620502106456,0.0,True,sequence_margin,14315_headwear_scope,14315,supported,onset,35,1,False,False,False,True,False
L31H14_head_total,L18H20_head_total,different_heads,0.25,0.0269012451171892,0.0162514201780128,0.0230530254026213,0.0200996398925807,7.643988308470591,7.617087063353402,7.627736888292579,7.62093528306797,0.0068016052246084,-0.0038482197145679,0.0,True,sequence_margin,14315_headwear_scope,14315,supported,onset,35,1,False,False,False,False,False
L31H14_head_total,L18H20_head_total,different_heads,1.0,1.1280117034912092,0.4061772893072746,1.381686932861963,0.1525020599365207,7.643988308470591,6.515976604979382,7.237811019163317,6.2623013756086285,0.9755096435546884,0.2536752293707538,0.0,True,sequence_margin,14315_headwear_scope,14315,supported,onset,35,1,False,False,False,True,False
L17H27_head_total,L18H20_head_total,different_heads,0.25,0.3554653014382349,0.0162514201780128,0.3182060140401486,0.0535107075760992,7.643988308470591,7.288523007032357,7.627736888292579,7.325782294430443,0.3019545938621357,-0.0372592873980863,0.0,True,sequence_margin,14315_headwear_scope,14315,supported,onset,35,1,False,False,False,True,False
L17H27_head_total,L18H20_head_total,different_heads,1.0,1.1409283572785132,0.4061772893072746,1.2427298384567278,0.3043758081290599,7.643988308470591,6.503059951192078,7.237811019163317,6.401258470013864,0.8365525491494532,0.1018014811782146,0.0,True,sequence_margin,14315_headwear_scope,14315,supported,onset,35,1,False,False,False,True,False
L18H22_evidence,L18H22_history,evidence_history,0.25,-0.1531588210518197,0.0303571863278317,-0.0483146060318713,-0.0744870286921166,7.643988308470591,7.797147129522411,7.61363112214276,7.692302914502463,-0.0786717923597031,0.1048442150199484,0.0,True,sequence_margin,14315_headwear_scope,14315,supported,onset,35,1,False,False,False,True,False
L18H22_evidence,L18H22_history,evidence_history,1.0,-0.402723456050122,0.0821704098457365,-0.34658918938237,0.0260361431779845,7.643988308470591,8.046711764520714,7.561817898624855,7.990577497852962,-0.4287595992281066,0.056134266667752,0.0,True,sequence_margin,14315_headwear_scope,14315,supported,onset,35,1,True,False,False,False,False
L31H14_evidence,L31H14_history,evidence_history,0.25,0.0,0.0294895172119158,0.0294895172119158,0.0,7.643988308470591,7.643988308470591,7.614498791258676,7.614498791258676,0.0,0.0294895172119158,0.0,True,sequence_margin,14315_headwear_scope,14315,supported,onset,35,1,False,False,False,False,False
L31H14_evidence,L31H14_history,evidence_history,1.0,0.0045394897460937,1.129490852355957,1.129878044128418,0.0041522979736328,7.643988308470591,7.639448818724498,6.5144974561146345,6.5141102643421736,0.0003871917724609,1.1253385543823242,0.0,True,sequence_margin,14315_headwear_scope,14315,supported,onset,35,1,False,False,False,False,False
L17H27_evidence,L17H27_history,evidence_history,0.25,-0.0392414238015463,-0.107003738529837,-0.0472303218951823,-0.099014840436201,7.643988308470591,7.683229732272138,7.7509920470004285,7.691218630365774,0.0597734166346546,-0.007988898093636,0.0,True,sequence_margin,14315_headwear_scope,14315,supported,onset,35,1,False,False,False,True,False
L17H27_evidence,L17H27_history,evidence_history,1.0,0.176701274482208,0.0695165153134897,0.2255167353750398,0.020701054420658,7.643988308470591,7.467287033988383,7.574471793157102,7.418471573095552,0.15600022006155,0.0488154608928317,0.0,True,sequence_margin,14315_headwear_scope,14315,supported,onset,35,1,False,False,False,False,False
L18H20_evidence,L18H20_history,evidence_history,0.25,0.1227464299005287,0.0697368096698056,0.1126667961458505,0.0798164434244839,7.643988308470591,7.521241878570063,7.574251498800786,7.531321512324741,0.0429299864760448,-0.0100796337546782,0.0,True,sequence_margin,14315_headwear_scope,14315,supported,onset,35,1,False,False,False,True,False
L18H20_evidence,L18H20_history,evidence_history,1.0,0.4454071546185822,0.0687260357376784,0.3958565790820278,0.1182766112742328,7.643988308470591,7.198581153852009,7.575262272732913,7.248131729388564,0.3271305433443494,-0.0495505755365544,0.0,True,sequence_margin,14315_headwear_scope,14315,supported,onset,35,1,False,False,False,True,False
L18H22_evidence,L18H22_inapplicable_source,applicable_inapplicable,0.25,-0.1531588210518197,0.0942719574521184,0.0224671849928626,-0.0813540485925639,7.643988308470591,7.797147129522411,7.549716351018473,7.621521123477729,-0.0718047724592558,0.1756260060446823,0.0,True,sequence_margin,14315_headwear_scope,14315,supported,onset,35,1,True,False,False,True,False
L18H22_evidence,L18H22_inapplicable_source,applicable_inapplicable,1.0,-0.402723456050122,0.2398731969498486,-0.0576571737662341,-0.1051930853340392,7.643988308470591,8.046711764520714,7.404115111520743,7.701645482236826,-0.2975303707160828,0.3450662822838879,0.0,True,sequence_margin,14315_headwear_scope,14315,supported,onset,35,1,True,False,False,True,False
L31H14_evidence,L31H14_inapplicable_source,applicable_inapplicable,0.25,0.0,0.0,0.0,0.0,7.643988308470591,7.643988308470591,7.643988308470591,7.643988308470591,0.0,0.0,0.0,True,sequence_margin,14315_headwear_scope,14315,supported,onset,35,1,False,False,False,False,False
L31H14_evidence,L31H14_inapplicable_source,applicable_inapplicable,1.0,0.0045394897460937,0.0,0.0045394897460937,0.0,7.643988308470591,7.639448818724498,7.643988308470591,7.639448818724498,0.0045394897460937,0.0,0.0,True,sequence_margin,14315_headwear_scope,14315,supported,onset,35,1,False,False,False,False,False
L17H27_evidence,L17H27_inapplicable_source,applicable_inapplicable,0.25,-0.0392414238015463,0.0375996472295829,0.0465967807914751,-0.0482385573634385,7.643988308470591,7.683229732272138,7.606388661241008,7.597391527679116,0.0089971335618921,0.0858382045930215,0.0,True,sequence_margin,14315_headwear_scope,14315,supported,onset,35,1,False,False,False,False,False
L17H27_evidence,L17H27_inapplicable_source,applicable_inapplicable,1.0,0.176701274482208,0.2182495085351217,0.2487138810747922,0.1462369019425375,7.643988308470591,7.467287033988383,7.42573879993547,7.395274427395799,0.0304643725396704,0.0720126065925841,0.0,True,sequence_margin,14315_headwear_scope,14315,supported,onset,35,1,False,False,False,True,False
L18H20_evidence,L18H20_inapplicable_source,applicable_inapplicable,0.25,0.1227464299005287,-0.0598719032087053,0.1311696242057305,-0.0682950975139071,7.643988308470591,7.521241878570063,7.703860211679297,7.512818684264861,0.1910415274144359,0.0084231943052017,0.0,True,sequence_margin,14315_headwear_scope,14315,supported,onset,35,1,True,False,False,True,False
L18H20_evidence,L18H20_inapplicable_source,applicable_inapplicable,1.0,0.4454071546185822,-0.2965959743170234,0.0521319504040667,0.0966792298974921,7.643988308470591,7.198581153852009,7.940584282787615,7.591856358066525,0.3487279247210901,-0.3932752042145155,0.0,True,sequence_margin,14315_headwear_scope,14315,supported,onset,35,1,True,False,False,True,False
L18H22_head_total,L31H14_head_total,different_heads,0.25,0.1096162367639967,-0.6389713287353516,-0.5082359742345384,-0.0211191177368164,-4.697483304481864,-4.807099541245861,-4.058511975746512,-4.189247330247325,0.1307353545008132,-0.6178522109985352,0.0,True,sequence_margin,14315_headwear_scope,14315,unsupported,onset,35,2,True,False,False,False,False
L18H22_head_total,L31H14_head_total,different_heads,1.0,0.6436043423971949,-1.868490219116212,-1.1717223482766332,-0.0531635284423837,-4.697483304481864,-5.341087646879059,-2.828993085365652,-3.5257609562052306,0.6967678708395786,-1.815326690673828,0.0,True,sequence_margin,14315_headwear_scope,14315,unsupported,onset,35,2,True,False,False,True,False
L18H22_head_total,L17H27_head_total,different_heads,0.25,0.1096162367639967,-0.0046780002502453,0.1729350352044649,-0.0679967986907135,-4.697483304481864,-4.807099541245861,-4.6928053042316185,-4.870418339686329,0.1776130354547103,0.0633187984404681,0.0,True,sequence_margin,14315_headwear_scope,14315,unsupported,onset,35,2,False,False,False,True,False
L18H22_head_total,L17H27_head_total,different_heads,1.0,0.6436043423971949,0.1144269888394431,1.006769987361758,-0.2487386561251199,-4.697483304481864,-5.341087646879059,-4.811910293321307,-5.704253291843622,0.8923429985223148,0.363165644964563,0.0,True,sequence_margin,14315_headwear_scope,14315,unsupported,onset,35,2,False,False,False,True,False
L18H22_head_total,L18H20_head_total,different_heads,0.25,0.1096162367639967,0.1177897929625197,0.1314177374549991,0.0959882922715174,-4.697483304481864,-4.807099541245861,-4.815273097444384,-4.828901041936863,0.0136279444924793,0.0218015006910023,0.0,True,sequence_margin,14315_headwear_scope,14315,unsupported,onset,35,2,False,False,False,True,False
L18H22_head_total,L18H20_head_total,different_heads,1.0,0.6436043423971949,0.6963748436400881,0.2940904325737028,1.04588875346358,-4.697483304481864,-5.341087646879059,-5.393858148121952,-4.991573737055567,-0.4022844110663852,-0.349513909823492,0.0,True,sequence_margin,14315_headwear_scope,14315,unsupported,onset,35,2,False,True,True,True,False
L31H14_head_total,L17H27_head_total,different_heads,0.25,-0.6389713287353516,-0.0046780002502453,-0.6520893466857922,0.0084400177001953,-4.697483304481864,-4.058511975746512,-4.6928053042316185,-4.045393957796072,-0.6474113464355469,-0.0131180179504406,0.0,True,sequence_margin,14315_headwear_scope,14315,unsupported,onset,35,2,False,False,False,False,False
L31H14_head_total,L17H27_head_total,different_heads,1.0,-1.868490219116212,0.1144269888394431,-1.707295995474519,-0.0467672348022496,-4.697483304481864,-2.828993085365652,-4.811910293321307,-2.9901873090073448,-1.8217229843139624,0.1611942236416927,0.0,True,sequence_margin,14315_headwear_scope,14315,unsupported,onset,35,2,True,False,False,False,False
L31H14_head_total,L18H20_head_total,different_heads,0.25,-0.6389713287353516,0.1177897929625197,-0.5112957478089619,-0.0098857879638698,-4.697483304481864,-4.058511975746512,-4.815273097444384,-4.186187556672902,-0.6290855407714817,0.1276755809263896,0.0,True,sequence_margin,14315_headwear_scope,14315,unsupported,onset,35,2,True,False,False,False,False
L31H14_head_total,L18H20_head_total,different_heads,1.0,-1.868490219116212,0.6963748436400881,-1.0833511848022963,-0.0887641906738272,-4.697483304481864,-2.828993085365652,-5.393858148121952,-3.6141321196795673,-1.7797260284423846,0.7851390343139153,0.0,True,sequence_margin,14315_headwear_scope,14315,unsupported,onset,35,2,True,False,False,True,False
L17H27_head_total,L18H20_head_total,different_heads,0.25,-0.0046780002502453,0.1177897929625197,0.1322380275756387,-0.0191262348633642,-4.697483304481864,-4.6928053042316185,-4.815273097444384,-4.829721332057503,0.0144482346131189,0.136916027825884,0.0,True,sequence_margin,14315_headwear_scope,14315,unsupported,onset,35,2,False,False,False,False,False
L17H27_head_total,L18H20_head_total,different_heads,1.0,0.1144269888394431,0.6963748436400881,0.5042261398099592,0.3065756926695719,-4.697483304481864,-4.811910293321307,-5.393858148121952,-5.201709444291823,-0.1921487038301288,0.3897991509705161,0.0,True,sequence_margin,14315_headwear_scope,14315,unsupported,onset,35,2,False,True,False,True,False
L18H22_evidence,L18H22_history,evidence_history,0.25,-0.0946062903798203,0.0275805749300426,-0.1194693141198213,0.0524435986700435,-4.697483304481864,-4.602877014102043,-4.725063879411906,-4.5780139903620425,-0.1470498890498639,-0.0248630237400009,0.0,True,sequence_margin,14315_headwear_scope,14315,unsupported,onset,35,2,False,False,False,True,False
L18H22_evidence,L18H22_history,evidence_history,1.0,-0.5307315974575548,-0.0007164920177951,-0.618204732773787,0.086756643298437,-4.697483304481864,-4.166751707024309,-4.696766812464069,-4.079278571708077,-0.6174882407559918,-0.0874731353162321,0.0,True,sequence_margin,14315_headwear_scope,14315,unsupported,onset,35,2,False,False,False,True,False
L31H14_evidence,L31H14_history,evidence_history,0.25,0.0,-0.6416015625,-0.6416015625,0.0,-4.697483304481864,-4.697483304481864,-4.055881741981864,-4.055881741981864,0.0,-0.6416015625,0.0,True,sequence_margin,14315_headwear_scope,14315,unsupported,onset,35,2,False,False,False,False,False
L31H14_evidence,L31H14_history,evidence_history,1.0,2.6702880859375e-05,-1.8514041900634768,-1.8514041900634768,2.6702880859375e-05,-4.697483304481864,-4.697510007362723,-2.8460791144183872,-2.8460791144183872,0.0,-1.851430892944336,0.0,True,sequence_margin,14315_headwear_scope,14315,unsupported,onset,35,2,False,False,False,False,False
L17H27_evidence,L17H27_history,evidence_history,0.25,0.0754788473798999,0.0017974053304712,0.1151753723724988,-0.0378991196621276,-4.697483304481864,-4.772962151861764,-4.699280709812335,-4.812658676854363,0.1133779670420276,0.0396965249925989,0.0,True,sequence_margin,14315_headwear_scope,14315,unsupported,onset,35,2,False,False,False,False,False
L17H27_evidence,L17H27_history,evidence_history,1.0,0.0738872136655057,0.2452132797637913,0.1301262833232552,0.1889742101060418,-4.697483304481864,-4.77137051814737,-4.942696584245655,-4.827609587805119,-0.1150869964405361,0.0562390696577494,0.0,True,sequence_margin,14315_headwear_scope,14315,unsupported,onset,35,2,False,True,False,True,False
L18H20_evidence,L18H20_history,evidence_history,0.25,0.1256220529489589,0.0120814393955415,0.1992429694783961,-0.0615394771338957,-4.697483304481864,-4.823105357430823,-4.709564743877405,-4.89672627396026,0.1871615300828546,0.0736209165294372,0.0,True,sequence_margin,14315_headwear_scope,14315,unsupported,onset,35,2,False,False,False,True,False
L18H20_evidence,L18H20_history,evidence_history,1.0,0.8359297443462061,-0.0330955464169617,0.7775967612267918,0.0252374367024525,-4.697483304481864,-5.53341304882807,-4.664387758064902,-5.475080065708656,0.8106923076437536,-0.0583329831194143,0.0,True,sequence_margin,14315_headwear_scope,14315,unsupported,onset,35,2,False,False,False,False,False
L18H22_evidence,L18H22_inapplicable_source,applicable_inapplicable,0.25,-0.0946062903798203,0.0661024473190368,-0.1740461233981172,0.1455422803373336,-4.697483304481864,-4.602877014102043,-4.763585751800901,-4.523437181083747,-0.240148570717154,-0.0794398330182968,0.0,True,sequence_margin,14315_headwear_scope,14315,unsupported,onset,35,2,True,False,True,True,False
L18H22_evidence,L18H22_inapplicable_source,applicable_inapplicable,1.0,-0.5307315974575548,0.2436131143273527,-0.3103978773733304,0.0232793942431284,-4.697483304481864,-4.166751707024309,-4.941096418809217,-4.387085427108533,-0.5540109917006832,0.2203337200842243,0.0,True,sequence_margin,14315_headwear_scope,14315,unsupported,onset,35,2,True,False,False,False,False
L31H14_evidence,L31H14_inapplicable_source,applicable_inapplicable,0.25,0.0,0.0,0.0,0.0,-4.697483304481864,-4.697483304481864,-4.697483304481864,-4.697483304481864,0.0,0.0,0.0,True,sequence_margin,14315_headwear_scope,14315,unsupported,onset,35,2,False,False,False,False,False
L31H14_evidence,L31H14_inapplicable_source,applicable_inapplicable,1.0,2.6702880859375e-05,0.0,2.6702880859375e-05,0.0,-4.697483304481864,-4.697510007362723,-4.697483304481864,-4.697510007362723,2.6702880859375e-05,0.0,0.0,True,sequence_margin,14315_headwear_scope,14315,unsupported,onset,35,2,False,False,False,False,False
L17H27_evidence,L17H27_inapplicable_source,applicable_inapplicable,0.25,0.0754788473798999,0.0168320967251363,-0.0722605742074042,0.1645715183124405,-4.697483304481864,-4.772962151861764,-4.714315401207,-4.62522273027446,-0.0890926709325405,-0.1477394215873042,0.0,True,sequence_margin,14315_headwear_scope,14315,unsupported,onset,35,2,False,True,False,True,False
L17H27_evidence,L17H27_inapplicable_source,applicable_inapplicable,1.0,0.0738872136655057,0.1363317993513915,0.0112086761685921,0.1990103368483051,-4.697483304481864,-4.77137051814737,-4.833815103833255,-4.708691980650456,-0.1251231231827994,-0.0626785374969136,0.0,True,sequence_margin,14315_headwear_scope,14315,unsupported,onset,35,2,False,True,True,True,False
L18H20_evidence,L18H20_inapplicable_source,applicable_inapplicable,0.25,0.1256220529489589,-0.1951872480097476,0.1070591338966631,-0.1766243289574518,-4.697483304481864,-4.823105357430823,-4.502296056472116,-4.804542438378527,0.3022463819064107,-0.0185629190522957,0.0,True,sequence_margin,14315_headwear_scope,14315,unsupported,onset,35,2,True,False,False,True,False
L18H20_evidence,L18H20_inapplicable_source,applicable_inapplicable,1.0,0.8359297443462061,-0.2363641094297097,0.6585855418435038,-0.0590199069270074,-4.697483304481864,-5.53341304882807,-4.461119195052154,-5.356068846325368,0.8949496512732136,-0.1773442025027023,0.0,True,sequence_margin,14315_headwear_scope,14315,unsupported,onset,35,2,True,False,False,True,False
L12H2_head_total,L12H1_head_total,different_heads,0.25,-0.0373380555595792,0.4849300045485032,0.5491568425310405,-0.1015648935421165,6.077786245542399,6.115124301101978,5.592856240993895,5.528629403011358,0.0642268379825372,0.5864948980906197,0.0,True,sequence_margin,14375_onion_stage,14375,supported,onset,126,1,False,False,False,True,False
L12H2_head_total,L12H1_head_total,different_heads,1.0,0.8792830509492315,1.803716215919012,2.7964702839740423,-0.1134710171057986,6.077786245542399,5.198503194593167,4.274070029623386,3.2813159615683563,0.9927540680550302,1.9171872330248108,0.0,True,sequence_margin,14375_onion_stage,14375,supported,onset,126,1,False,False,False,True,False
L12H2_head_total,L12H12_head_total,different_heads,0.25,-0.0373380555595792,0.6309982219775776,0.7416020787574764,-0.147941912339478,6.077786245542399,6.115124301101978,5.446788023564821,5.336184166784922,0.1106038567798988,0.7789401343170557,0.0,True,sequence_margin,14375_onion_stage,14375,supported,onset,126,1,False,False,False,True,False
L12H2_head_total,L12H12_head_total,different_heads,1.0,0.8792830509492315,1.5622846479535344,2.242413100075394,0.1991545988273713,6.077786245542399,5.198503194593167,4.515501597588864,3.835373145467004,0.6801284521218602,1.363130049126163,0.0,True,sequence_margin,14375_onion_stage,14375,supported,onset,126,1,False,False,False,True,False
L12H2_head_total,L12H31_head_total,different_heads,0.25,-0.0373380555595792,-0.5905555788989085,-0.439053574111905,-0.1888400603465827,6.077786245542399,6.115124301101978,6.668341824441307,6.516839819654304,0.1515020047870034,-0.4017155185523258,0.0,True,sequence_margin,14375_onion_stage,14375,supported,onset,126,1,False,False,False,True,False
L12H2_head_total,L12H31_head_total,different_heads,1.0,0.8792830509492315,-1.3709495504154745,-0.8569702386625346,0.3653037391962916,6.077786245542399,5.198503194593167,7.448735795957873,6.934756484204933,0.5139793117529399,-1.7362532896117662,0.0,True,sequence_margin,14375_onion_stage,14375,supported,onset,126,1,True,False,False,True,False
L12H1_head_total,L12H12_head_total,different_heads,0.25,0.4849300045485032,0.6309982219775776,1.021133665577592,0.0947945609484888,6.077786245542399,5.592856240993895,5.446788023564821,5.056652579964807,0.3901354436000144,0.5362036610290888,0.0,True,sequence_margin,14375_onion_stage,14375,supported,onset,126,1,False,False,False,True,False
L12H1_head_total,L12H12_head_total,different_heads,1.0,1.803716215919012,1.5622846479535344,2.47942884279783,0.8865720210747163,6.077786245542399,4.274070029623386,4.515501597588864,3.5983574027445684,0.9171441948442958,0.6757126268788181,0.0,True,sequence_margin,14375_onion_stage,14375,supported,onset,126,1,False,False,False,True,False
L12H1_head_total,L12H31_head_total,different_heads,0.25,0.4849300045485032,-0.5905555788989085,-0.0348609770199441,-0.0707645973304611,6.077786245542399,5.592856240993895,6.668341824441307,6.112647222562343,0.5556946018789644,-0.5197909815684474,0.0,True,sequence_margin,14375_onion_stage,14375,supported,onset,126,1,True,False,False,True,False
L12H1_head_total,L12H31_head_total,different_heads,1.0,1.803716215919012,-1.3709495504154745,0.0932450005819465,0.3395216649215911,6.077786245542399,4.274070029623386,7.448735795957873,5.984541244960452,1.464194550997421,-1.7104712153370656,0.0,True,sequence_margin,14375_onion_stage,14375,supported,onset,126,1,True,False,False,True,False
L12H12_head_total,L12H31_head_total,different_heads,0.25,0.6309982219775776,-0.5905555788989085,0.0753146301588119,-0.0348719870801428,6.077786245542399,5.446788023564821,6.668341824441307,6.002471615383587,0.6658702090577204,-0.5556835918187657,0.0,True,sequence_margin,14375_onion_stage,14375,supported,onset,126,1,True,False,False,False,False
L12H12_head_total,L12H31_head_total,different_heads,1.0,1.5622846479535344,-1.3709495504154745,-0.1182037884320621,0.309538885970122,6.077786245542399,4.515501597588864,7.448735795957873,6.195990033974461,1.2527457619834124,-1.6804884363855963,0.0,True,sequence_margin,14375_onion_stage,14375,supported,onset,126,1,True,False,False,True,False
L12H2_evidence,L12H2_history,evidence_history,0.25,-0.0015270935961986,0.0080245858278154,-0.0500479810577143,0.0565454732893311,6.077786245542399,6.079313339138597,6.069761659714583,6.127834226600113,-0.0580725668855297,-0.0485208874615157,0.0,True,sequence_margin,14375_onion_stage,14375,supported,onset,126,1,False,False,False,True,True
L12H2_evidence,L12H2_history,evidence_history,1.0,-0.0837300746377982,0.8792094255472387,0.8591204699914599,-0.0636411190820194,6.077786245542399,6.161516320180197,5.19857681999516,5.218665775550939,-0.0200889555557788,0.942850544629258,0.0,True,sequence_margin,14375_onion_stage,14375,supported,onset,126,1,True,False,False,True,False
L12H1_evidence,L12H1_history,evidence_history,0.25,-0.1089900683055349,0.3341155286984421,0.2901331303570194,-0.0650076699641122,6.077786245542399,6.1867763138479335,5.7436707168439565,5.787653115185379,-0.0439823983414227,0.3991231986625543,0.0,True,sequence_margin,14375_onion_stage,14375,supported,onset,126,1,True,False,False,True,False
L12H1_evidence,L12H1_history,evidence_history,1.0,-0.0798267490758135,1.1077115589483435,1.1272108255781923,-0.0993260157056621,6.077786245542399,6.157612994618212,4.970074686594055,4.950575419964206,0.0194992666298485,1.207037574654006,0.0,True,sequence_margin,14375_onion_stage,14375,supported,onset,126,1,True,False,False,True,False
L12H12_evidence,L12H12_history,evidence_history,0.25,-3.444992927992274e-05,0.6126350900809285,0.6126350900809285,-3.444992927992274e-05,6.077786245542399,6.077820695471679,5.46515115546147,5.46515115546147,0.0,0.6126695400102085,0.0,True,sequence_margin,14375_onion_stage,14375,supported,onset,126,1,False,False,False,False,False
L12H12_evidence,L12H12_history,evidence_history,1.0,-0.0294704039710413,1.5481076446329451,1.5051066934696875,0.0135305471922162,6.077786245542399,6.10725664951344,4.529678600909453,4.572679552072711,-0.0430009511632576,1.534577097440729,0.0,True,sequence_margin,14375_onion_stage,14375,supported,onset,126,1,False,False,False,False,False
L12H31_evidence,L12H31_history,evidence_history,0.25,-0.1301876483575315,-0.4813617047374352,-0.4451864134037961,-0.1663629396911705,6.077786245542399,6.20797389389993,6.559147950279834,6.522972658946195,0.036175291333639,-0.3149987650462647,0.0,True,sequence_margin,14375_onion_stage,14375,supported,onset,126,1,False,False,False,True,False
L12H31_evidence,L12H31_history,evidence_history,1.0,-0.0461391988966237,-1.4061405292524434,-1.408603615985899,-0.0436761121631681,6.077786245542399,6.123925444439022,7.483926774794842,7.4863898615282976,-0.0024630867334556,-1.3624644170892752,0.0,True,sequence_margin,14375_onion_stage,14375,supported,onset,126,1,False,False,False,False,False
L12H2_evidence,L12H2_inapplicable_source,applicable_inapplicable,0.25,-0.0015270935961986,-0.0969113144069631,-0.0149986660526488,-0.0834397419505128,6.077786245542399,6.079313339138597,6.174697559949362,6.092784911595047,0.0819126483543142,-0.0134715724564502,0.0,True,sequence_margin,14375_onion_stage,14375,supported,onset,126,1,False,False,False,True,False
L12H2_evidence,L12H2_inapplicable_source,applicable_inapplicable,1.0,-0.0837300746377982,-0.0048397537807831,-0.0808717414517943,-0.007698086966787,6.077786245542399,6.161516320180197,6.082625999323182,6.158657986994193,-0.0760319876710111,0.0028583331860039,0.0,True,sequence_margin,14375_onion_stage,14375,supported,onset,126,1,False,False,False,False,False
L12H1_evidence,L12H1_inapplicable_source,applicable_inapplicable,0.25,-0.1089900683055349,0.0282560970704901,-0.1159580114358247,0.0352240402007799,6.077786245542399,6.1867763138479335,6.049530148471908,6.193744256978223,-0.1442141085063149,-0.0069679431302898,0.0,True,sequence_margin,14375_onion_stage,14375,supported,onset,126,1,False,False,False,False,False
L12H1_evidence,L12H1_inapplicable_source,applicable_inapplicable,1.0,-0.0798267490758135,0.0258731655364652,0.0005058740225578,-0.0544594575619061,6.077786245542399,6.157612994618212,6.051913080005933,6.077280371519841,-0.0253672915139073,0.0803326230983714,0.0,True,sequence_margin,14375_onion_stage,14375,supported,onset,126,1,False,False,False,True,False
L12H12_evidence,L12H12_inapplicable_source,applicable_inapplicable,0.25,-3.444992927992274e-05,0.0,-3.444992927992274e-05,0.0,6.077786245542399,6.077820695471679,6.077786245542399,6.077820695471679,-3.444992927992274e-05,0.0,0.0,True,sequence_margin,14375_onion_stage,14375,supported,onset,126,1,False,False,False,False,False
L12H12_evidence,L12H12_inapplicable_source,applicable_inapplicable,1.0,-0.0294704039710413,-3.444992927992274e-05,-0.0294704039710413,-3.444992927992274e-05,6.077786245542399,6.10725664951344,6.077820695471679,6.10725664951344,-0.0294359540417614,0.0,0.0,True,sequence_margin,14375_onion_stage,14375,supported,onset,126,1,False,False,False,False,False
L12H31_evidence,L12H31_inapplicable_source,applicable_inapplicable,0.25,-0.1301876483575315,-0.0693832813475578,-0.0464138469374564,-0.1531570827676329,6.077786245542399,6.20797389389993,6.147169526889956,6.124200092479855,0.0229694344101014,0.083773801420075,0.0,True,sequence_margin,14375_onion_stage,14375,supported,onset,126,1,False,False,True,True,False
L12H31_evidence,L12H31_inapplicable_source,applicable_inapplicable,1.0,-0.0461391988966237,0.0056022433440325,-0.08608063723827,0.0455436816856789,6.077786245542399,6.123925444439022,6.072184002198366,6.163866882780669,-0.0916828805823026,-0.0399414383416463,0.0,True,sequence_margin,14375_onion_stage,14375,supported,onset,126,1,False,False,False,False,True
L12H2_head_total,L12H1_head_total,different_heads,0.25,-0.0282874301297009,0.1181449481713166,-0.0075751581542164,0.0974326761958321,0.0745809072025318,0.1028683373322327,-0.0435640409687847,0.0821560653567483,-0.1257201063255331,0.0207122719754844,0.0,True,sequence_margin,14375_onion_stage,14375,unsupported,onset,126,0,False,False,False,True,False
L12H2_head_total,L12H1_head_total,different_heads,1.0,-0.0886628104877131,0.4237013726803678,0.4579183671277498,-0.1228798049350952,0.0745809072025318,0.163243717690245,-0.3491204654778359,-0.3833374599252179,0.034216994447382,0.546581177615463,0.0,True,sequence_margin,14375_onion_stage,14375,unsupported,onset,126,0,True,False,False,True,False
L12H2_head_total,L12H12_head_total,different_heads,0.25,-0.0282874301297009,0.1176958384706212,0.1133839992527891,-0.0239755909118688,0.0745809072025318,0.1028683373322327,-0.0431149312680894,-0.0388030920502573,-0.004311839217832,0.1416714293824901,0.0,True,sequence_margin,14375_onion_stage,14375,unsupported,onset,126,0,False,False,False,False,False
L12H2_head_total,L12H12_head_total,different_heads,1.0,-0.0886628104877131,0.546233859869496,0.4755764324900569,-0.018005383108274,0.0745809072025318,0.163243717690245,-0.4716529526669641,-0.400995525287525,-0.0706574273794391,0.5642392429777701,0.0,True,sequence_margin,14375_onion_stage,14375,unsupported,onset,126,0,True,False,False,False,False
L12H2_head_total,L12H31_head_total,different_heads,0.25,-0.0282874301297009,0.0059961101847312,-0.050717461709131,0.0284261417641613,0.0745809072025318,0.1028683373322327,0.0685847970178006,0.1252983689116629,-0.0567135718938622,-0.0224300315794301,0.0,True,sequence_margin,14375_onion_stage,14375,unsupported,onset,126,0,False,False,False,False,True
L12H2_head_total,L12H31_head_total,different_heads,1.0,-0.0886628104877131,-0.0626709744307474,0.0797086277317538,-0.2310424126502144,0.0745809072025318,0.163243717690245,0.1372518816332792,-0.0051277205292219,0.1423796021625012,0.1683714382194669,0.0,True,sequence_margin,14375_onion_stage,14375,unsupported,onset,126,0,False,True,True,True,False
L12H1_head_total,L12H12_head_total,different_heads,0.25,0.1181449481713166,0.1176958384706212,0.21240623062089,0.0234345560210478,0.0745809072025318,-0.0435640409687847,-0.0431149312680894,-0.1378253234183581,0.0947103921502687,0.0942612824495734,0.0,True,sequence_margin,14375_onion_stage,14375,unsupported,onset,126,0,False,False,False,False,False
L12H1_head_total,L12H12_head_total,different_heads,1.0,0.4237013726803678,0.546233859869496,0.7889213928622651,0.1810138396875986,0.0745809072025318,-0.3491204654778359,-0.4716529526669641,-0.7143404856597333,0.2426875329927691,0.3652200201818973,0.0,True,sequence_margin,14375_onion_stage,14375,unsupported,onset,126,0,False,False,False,True,False
L12H1_head_total,L12H31_head_total,different_heads,0.25,0.1181449481713166,0.0059961101847312,0.0606261737073841,0.0635148846486637,0.0745809072025318,-0.0435640409687847,0.0685847970178006,0.0139547334951477,0.0546300635226528,-0.0575187744639325,0.0,True,sequence_margin,14375_onion_stage,14375,unsupported,onset,126,0,False,False,False,True,False
L12H1_head_total,L12H31_head_total,different_heads,1.0,0.4237013726803678,-0.0626709744307474,0.3891449965794726,-0.0281145983298523,0.0745809072025318,-0.3491204654778359,0.1372518816332792,-0.3145640893769408,0.4518159710102201,-0.0345563761008951,0.0,True,sequence_margin,14375_onion_stage,14375,unsupported,onset,126,0,True,False,False,False,False
L12H12_head_total,L12H31_head_total,different_heads,0.25,0.1176958384706212,0.0059961101847312,0.1625690030968694,-0.0388770544415169,0.0745809072025318,-0.0431149312680894,0.0685847970178006,-0.0879880958943375,0.1565728929121381,0.0448731646262481,0.0,True,sequence_margin,14375_onion_stage,14375,unsupported,onset,126,0,False,False,False,False,False
L12H12_head_total,L12H31_head_total,different_heads,1.0,0.546233859869496,-0.0626709744307474,0.4758435710732422,0.0077193143655063,0.0745809072025318,-0.4716529526669641,0.1372518816332792,-0.4012626638707104,0.5385145455039897,-0.0703902887962537,0.0,True,sequence_margin,14375_onion_stage,14375,unsupported,onset,126,0,True,False,False,False,False
L12H2_evidence,L12H2_history,evidence_history,0.25,0.0343562300235982,-0.0514041843133221,-0.0450179500634293,0.0279699957737054,0.0745809072025318,0.0402246771789336,0.125985091515854,0.1195988572659612,0.0063862342498928,-0.0793741800870275,0.0,True,sequence_margin,14375_onion_stage,14375,unsupported,onset,126,0,False,False,False,False,False
L12H2_evidence,L12H2_history,evidence_history,1.0,0.0162405079839644,-0.0150529341655158,-0.049205184117878,0.0503927579363265,0.0745809072025318,0.0583403992185673,0.0896338413680477,0.1237860913204098,-0.0341522499523621,-0.0654456921018424,0.0,True,sequence_margin,14375_onion_stage,14375,unsupported,onset,126,0,False,False,False,True,False
L12H1_evidence,L12H1_history,evidence_history,0.25,0.0452112450732493,0.003890982855609,0.0410644158131914,0.008037812115667,0.0745809072025318,0.0293696621292824,0.0706899243469227,0.0335164913893404,0.0371734329575823,-0.0041468292600579,0.0,True,sequence_margin,14375_onion_stage,14375,unsupported,onset,126,0,False,False,False,False,False
L12H1_evidence,L12H1_history,evidence_history,1.0,0.0116941638930332,0.1374011719539418,0.1765001029545381,-0.027404767107563,0.0745809072025318,0.0628867433094986,-0.06282026475141,-0.1019191957520062,0.0390989310005962,0.1648059390615048,0.0,True,sequence_margin,14375_onion_stage,14375,unsupported,onset,126,0,False,False,False,False,False
L12H12_evidence,L12H12_history,evidence_history,0.25,0.0,0.1788852312146547,0.1788852312146547,0.0,0.0745809072025318,0.0745809072025318,-0.1043043240121228,-0.1043043240121228,0.0,0.1788852312146547,0.0,True,sequence_margin,14375_onion_stage,14375,unsupported,onset,126,0,False,False,False,False,False
L12H12_evidence,L12H12_history,evidence_history,1.0,0.0,0.5754810052047361,0.5754810052047361,0.0,0.0745809072025318,0.0745809072025318,-0.5009000980022043,-0.5009000980022043,0.0,0.5754810052047361,0.0,True,sequence_margin,14375_onion_stage,14375,unsupported,onset,126,0,False,False,False,False,False
L12H31_evidence,L12H31_history,evidence_history,0.25,0.0258316946111616,-0.0052280069424126,0.0148072541490722,0.0057964335196767,0.0745809072025318,0.0487492125913702,0.0798089141449445,0.0597736530534596,0.0200352610914849,-0.0110244404620893,0.0,True,sequence_margin,14375_onion_stage,14375,unsupported,onset,126,0,False,False,False,False,False
L12H31_evidence,L12H31_history,evidence_history,1.0,-0.055886404295034,-0.0596354367393416,-0.0350578093457478,-0.0804640316886278,0.0745809072025318,0.1304673114975658,0.1342163439418735,0.1096387165482797,0.0245776273935938,0.0208285949492861,0.0,True,sequence_margin,14375_onion_stage,14375,unsupported,onset,126,0,False,False,False,True,False
L12H2_evidence,L12H2_inapplicable_source,applicable_inapplicable,0.25,0.0343562300235982,-0.0286927869879582,-0.0672148558024985,0.0728782988381384,0.0745809072025318,0.0402246771789336,0.1032736941904901,0.1417957630050303,-0.0385220688145402,-0.1015710858260967,0.0,True,sequence_margin,14375_onion_stage,14375,unsupported,onset,126,0,False,False,False,True,True
L12H2_evidence,L12H2_inapplicable_source,applicable_inapplicable,1.0,0.0162405079839644,-0.0103000323650435,-0.0107308129669174,0.0166712885858384,0.0745809072025318,0.0583403992185673,0.0848809395675753,0.0853117201694493,-0.0004307806018739,-0.0269713209508819,0.0,True,sequence_margin,14375_onion_stage,14375,unsupported,onset,126,0,False,False,False,False,False
L12H1_evidence,L12H1_inapplicable_source,applicable_inapplicable,0.25,0.0452112450732493,-0.0264299249630828,-0.0252521689998057,0.0440334891099722,0.0745809072025318,0.0293696621292824,0.1010108321656146,0.0998330762023376,0.001177755963277,-0.0704634140730551,0.0,True,sequence_margin,14375_onion_stage,14375,unsupported,onset,126,0,False,False,False,False,False
L12H1_evidence,L12H1_inapplicable_source,applicable_inapplicable,1.0,0.0116941638930332,0.0140053008368701,0.0056569423991437,0.0200425223307596,0.0745809072025318,0.0628867433094986,0.0605756063656617,0.0689239648033881,-0.0083483584377264,-0.0060372214938895,0.0,True,sequence_margin,14375_onion_stage,14375,unsupported,onset,126,0,False,False,False,False,False
L12H12_evidence,L12H12_inapplicable_source,applicable_inapplicable,0.25,0.0,0.0,0.0,0.0,0.0745809072025318,0.0745809072025318,0.0745809072025318,0.0745809072025318,0.0,0.0,0.0,True,sequence_margin,14375_onion_stage,14375,unsupported,onset,126,0,False,False,False,False,False
L12H12_evidence,L12H12_inapplicable_source,applicable_inapplicable,1.0,0.0,0.0,0.0,0.0,0.0745809072025318,0.0745809072025318,0.0745809072025318,0.0745809072025318,0.0,0.0,0.0,True,sequence_margin,14375_onion_stage,14375,unsupported,onset,126,0,False,False,False,False,False
L12H31_evidence,L12H31_inapplicable_source,applicable_inapplicable,0.25,0.0258316946111616,-0.0559508949400746,-0.0075916804831197,-0.0225275198457932,0.0745809072025318,0.0487492125913702,0.1305318021426065,0.0821725876856516,0.0483592144569549,-0.0334233750942813,0.0,True,sequence_margin,14375_onion_stage,14375,unsupported,onset,126,0,False,False,False,False,False
L12H31_evidence,L12H31_inapplicable_source,applicable_inapplicable,1.0,-0.055886404295034,0.003419821312061,-0.051340386908846,-0.0011261960741268,0.0745809072025318,0.1304673114975658,0.0711610858904707,0.1259212941113778,-0.0547602082209071,0.0045460173861879,0.0,True,sequence_margin,14375_onion_stage,14375,unsupported,onset,126,0,False,False,False,False,False
