layer,head,selection,unit,receiver,source_group,dose,full,cut,support,sham_error,numeric_ok,readout,control,case_id,source_id,side,phase,position,seed
18,22,paired_gradient,L18H22_evidence,468,evidence,0.25,7.643988308470591,7.797147129522411,-0.1531588210518197,0.0,True,sequence_margin,,14315_headwear_scope,14315,supported,onset,35,1
18,22,paired_gradient,L18H22_evidence,468,evidence,1.0,7.643988308470591,8.046711764520714,-0.402723456050122,0.0,True,sequence_margin,,14315_headwear_scope,14315,supported,onset,35,1
18,22,paired_gradient,L18H22_inapplicable_source,468,inapplicable_source,0.25,7.643988308470591,7.549716351018473,0.0942719574521184,0.0,True,sequence_margin,,14315_headwear_scope,14315,supported,onset,35,1
18,22,paired_gradient,L18H22_inapplicable_source,468,inapplicable_source,1.0,7.643988308470591,7.404115111520743,0.2398731969498486,0.0,True,sequence_margin,,14315_headwear_scope,14315,supported,onset,35,1
18,22,paired_gradient,L18H22_history,468,history,0.25,7.643988308470591,7.61363112214276,0.0303571863278317,0.0,True,sequence_margin,,14315_headwear_scope,14315,supported,onset,35,1
18,22,paired_gradient,L18H22_history,468,history,1.0,7.643988308470591,7.561817898624855,0.0821704098457365,0.0,True,sequence_margin,,14315_headwear_scope,14315,supported,onset,35,1
18,22,paired_gradient,L18H22_query_self,468,query_self,0.25,7.643988308470591,7.604382337148765,0.0396059713218264,0.0,True,sequence_margin,,14315_headwear_scope,14315,supported,onset,35,1
18,22,paired_gradient,L18H22_query_self,468,query_self,1.0,7.643988308470591,7.715373981515992,-0.0713856730454001,0.0,True,sequence_margin,,14315_headwear_scope,14315,supported,onset,35,1
18,22,paired_gradient,L18H22_prior_history,468,prior_history,0.25,7.643988308470591,7.659564404302418,-0.0155760958318262,0.0,True,sequence_margin,,14315_headwear_scope,14315,supported,onset,35,1
18,22,paired_gradient,L18H22_prior_history,468,prior_history,1.0,7.643988308470591,7.592047881025463,0.0519404274451282,0.0,True,sequence_margin,,14315_headwear_scope,14315,supported,onset,35,1
18,22,paired_gradient,L18H22_head_total,468,head_total,0.25,7.643988308470591,7.74089793172161,-0.096909623251018,0.0,True,sequence_margin,,14315_headwear_scope,14315,supported,onset,35,1
18,22,paired_gradient,L18H22_head_total,468,head_total,1.0,7.643988308470591,7.588838953202392,0.0551493552681989,0.0,True,sequence_margin,,14315_headwear_scope,14315,supported,onset,35,1
18,22,paired_gradient,L18H22_head_total,468,head_total,1.0,7.643988308470591,8.136448546705278,-0.4924602382346865,0.0,True,sequence_margin,equal_norm_random,14315_headwear_scope,14315,supported,onset,35,1
31,14,paired_gradient,L31H14_evidence,468,evidence,0.25,7.643988308470591,7.643988308470591,0.0,0.0,True,sequence_margin,,14315_headwear_scope,14315,supported,onset,35,1
31,14,paired_gradient,L31H14_evidence,468,evidence,1.0,7.643988308470591,7.639448818724498,0.0045394897460937,0.0,True,sequence_margin,,14315_headwear_scope,14315,supported,onset,35,1
31,14,paired_gradient,L31H14_inapplicable_source,468,inapplicable_source,0.25,7.643988308470591,7.643988308470591,0.0,0.0,True,sequence_margin,,14315_headwear_scope,14315,supported,onset,35,1
31,14,paired_gradient,L31H14_inapplicable_source,468,inapplicable_source,1.0,7.643988308470591,7.643988308470591,0.0,0.0,True,sequence_margin,,14315_headwear_scope,14315,supported,onset,35,1
31,14,paired_gradient,L31H14_history,468,history,0.25,7.643988308470591,7.614498791258676,0.0294895172119158,0.0,True,sequence_margin,,14315_headwear_scope,14315,supported,onset,35,1
31,14,paired_gradient,L31H14_history,468,history,1.0,7.643988308470591,6.5144974561146345,1.129490852355957,0.0,True,sequence_margin,,14315_headwear_scope,14315,supported,onset,35,1
31,14,paired_gradient,L31H14_query_self,468,query_self,0.25,7.643988308470591,7.616291698973522,0.0276966094970694,0.0,True,sequence_margin,,14315_headwear_scope,14315,supported,onset,35,1
31,14,paired_gradient,L31H14_query_self,468,query_self,1.0,7.643988308470591,6.5075985761097535,1.136389732360838,0.0,True,sequence_margin,,14315_headwear_scope,14315,supported,onset,35,1
31,14,paired_gradient,L31H14_prior_history,468,prior_history,0.25,7.643988308470591,7.639454540770396,0.0045337677001953,0.0,True,sequence_margin,,14315_headwear_scope,14315,supported,onset,35,1
31,14,paired_gradient,L31H14_prior_history,468,prior_history,1.0,7.643988308470591,7.638079342406137,0.0059089660644549,0.0,True,sequence_margin,,14315_headwear_scope,14315,supported,onset,35,1
31,14,paired_gradient,L31H14_head_total,468,head_total,0.25,7.643988308470591,7.617087063353402,0.0269012451171892,0.0,True,sequence_margin,,14315_headwear_scope,14315,supported,onset,35,1
31,14,paired_gradient,L31H14_head_total,468,head_total,1.0,7.643988308470591,6.515976604979382,1.1280117034912092,0.0,True,sequence_margin,,14315_headwear_scope,14315,supported,onset,35,1
31,14,paired_gradient,L31H14_head_total,468,head_total,1.0,7.643988308470591,7.111456570189342,0.5325317382812491,0.0,True,sequence_margin,equal_norm_random,14315_headwear_scope,14315,supported,onset,35,1
17,27,paired_gradient,L17H27_evidence,468,evidence,0.25,7.643988308470591,7.683229732272138,-0.0392414238015463,0.0,True,sequence_margin,,14315_headwear_scope,14315,supported,onset,35,1
17,27,paired_gradient,L17H27_evidence,468,evidence,1.0,7.643988308470591,7.467287033988383,0.176701274482208,0.0,True,sequence_margin,,14315_headwear_scope,14315,supported,onset,35,1
17,27,paired_gradient,L17H27_inapplicable_source,468,inapplicable_source,0.25,7.643988308470591,7.606388661241008,0.0375996472295829,0.0,True,sequence_margin,,14315_headwear_scope,14315,supported,onset,35,1
17,27,paired_gradient,L17H27_inapplicable_source,468,inapplicable_source,1.0,7.643988308470591,7.42573879993547,0.2182495085351217,0.0,True,sequence_margin,,14315_headwear_scope,14315,supported,onset,35,1
17,27,paired_gradient,L17H27_history,468,history,0.25,7.643988308470591,7.7509920470004285,-0.107003738529837,0.0,True,sequence_margin,,14315_headwear_scope,14315,supported,onset,35,1
17,27,paired_gradient,L17H27_history,468,history,1.0,7.643988308470591,7.574471793157102,0.0695165153134897,0.0,True,sequence_margin,,14315_headwear_scope,14315,supported,onset,35,1
17,27,paired_gradient,L17H27_query_self,468,query_self,0.25,7.643988308470591,7.587071711497825,0.0569165969727665,0.0,True,sequence_margin,,14315_headwear_scope,14315,supported,onset,35,1
17,27,paired_gradient,L17H27_query_self,468,query_self,1.0,7.643988308470591,7.615809365656862,0.0281789428137297,0.0,True,sequence_margin,,14315_headwear_scope,14315,supported,onset,35,1
17,27,paired_gradient,L17H27_prior_history,468,prior_history,0.25,7.643988308470591,7.668630025523583,-0.024641717052992,0.0,True,sequence_margin,,14315_headwear_scope,14315,supported,onset,35,1
17,27,paired_gradient,L17H27_prior_history,468,prior_history,1.0,7.643988308470591,7.514973593417393,0.1290147150531986,0.0,True,sequence_margin,,14315_headwear_scope,14315,supported,onset,35,1
17,27,paired_gradient,L17H27_head_total,468,head_total,0.25,7.643988308470591,7.288523007032357,0.3554653014382349,0.0,True,sequence_margin,,14315_headwear_scope,14315,supported,onset,35,1
17,27,paired_gradient,L17H27_head_total,468,head_total,1.0,7.643988308470591,6.503059951192078,1.1409283572785132,0.0,True,sequence_margin,,14315_headwear_scope,14315,supported,onset,35,1
17,27,paired_gradient,L17H27_head_total,468,head_total,1.0,7.643988308470591,8.026378731131704,-0.3823904226611123,0.0,True,sequence_margin,equal_norm_random,14315_headwear_scope,14315,supported,onset,35,1
18,20,paired_gradient,L18H20_evidence,468,evidence,0.25,7.643988308470591,7.521241878570063,0.1227464299005287,0.0,True,sequence_margin,,14315_headwear_scope,14315,supported,onset,35,1
18,20,paired_gradient,L18H20_evidence,468,evidence,1.0,7.643988308470591,7.198581153852009,0.4454071546185822,0.0,True,sequence_margin,,14315_headwear_scope,14315,supported,onset,35,1
18,20,paired_gradient,L18H20_inapplicable_source,468,inapplicable_source,0.25,7.643988308470591,7.703860211679297,-0.0598719032087053,0.0,True,sequence_margin,,14315_headwear_scope,14315,supported,onset,35,1
18,20,paired_gradient,L18H20_inapplicable_source,468,inapplicable_source,1.0,7.643988308470591,7.940584282787615,-0.2965959743170234,0.0,True,sequence_margin,,14315_headwear_scope,14315,supported,onset,35,1
18,20,paired_gradient,L18H20_history,468,history,0.25,7.643988308470591,7.574251498800786,0.0697368096698056,0.0,True,sequence_margin,,14315_headwear_scope,14315,supported,onset,35,1
18,20,paired_gradient,L18H20_history,468,history,1.0,7.643988308470591,7.575262272732913,0.0687260357376784,0.0,True,sequence_margin,,14315_headwear_scope,14315,supported,onset,35,1
18,20,paired_gradient,L18H20_query_self,468,query_self,0.25,7.643988308470591,7.637537869366202,0.0064504391043893,0.0,True,sequence_margin,,14315_headwear_scope,14315,supported,onset,35,1
18,20,paired_gradient,L18H20_query_self,468,query_self,1.0,7.643988308470591,7.612687479278503,0.0313008291920882,0.0,True,sequence_margin,,14315_headwear_scope,14315,supported,onset,35,1
18,20,paired_gradient,L18H20_prior_history,468,prior_history,0.25,7.643988308470591,7.676067968106789,-0.0320796596361976,0.0,True,sequence_margin,,14315_headwear_scope,14315,supported,onset,35,1
18,20,paired_gradient,L18H20_prior_history,468,prior_history,1.0,7.643988308470591,7.639625054013437,0.0043632544571545,0.0,True,sequence_margin,,14315_headwear_scope,14315,supported,onset,35,1
18,20,paired_gradient,L18H20_head_total,468,head_total,0.25,7.643988308470591,7.627736888292579,0.0162514201780128,0.0,True,sequence_margin,,14315_headwear_scope,14315,supported,onset,35,1
18,20,paired_gradient,L18H20_head_total,468,head_total,1.0,7.643988308470591,7.237811019163317,0.4061772893072746,0.0,True,sequence_margin,,14315_headwear_scope,14315,supported,onset,35,1
18,20,paired_gradient,L18H20_head_total,468,head_total,1.0,7.643988308470591,8.037259249571896,-0.3932709411013046,0.0,True,sequence_margin,equal_norm_random,14315_headwear_scope,14315,supported,onset,35,1
27,6,model_head_control,L27H6_evidence,468,evidence,0.25,7.643988308470591,7.602251600234196,0.041736708236395,0.0,True,sequence_margin,,14315_headwear_scope,14315,supported,onset,35,1
27,6,model_head_control,L27H6_evidence,468,evidence,1.0,7.643988308470591,7.559405280395095,0.0845830280754968,0.0,True,sequence_margin,,14315_headwear_scope,14315,supported,onset,35,1
27,6,model_head_control,L27H6_inapplicable_source,468,inapplicable_source,0.25,7.643988308470591,7.563467787758367,0.0805205207122243,0.0,True,sequence_margin,,14315_headwear_scope,14315,supported,onset,35,1
27,6,model_head_control,L27H6_inapplicable_source,468,inapplicable_source,1.0,7.643988308470591,7.577731296141883,0.0662570123287089,0.0,True,sequence_margin,,14315_headwear_scope,14315,supported,onset,35,1
27,6,model_head_control,L27H6_history,468,history,0.25,7.643988308470591,7.631178247466162,0.0128100610044299,0.0,True,sequence_margin,,14315_headwear_scope,14315,supported,onset,35,1
27,6,model_head_control,L27H6_history,468,history,1.0,7.643988308470591,7.563503619345046,0.0804846891255453,0.0,True,sequence_margin,,14315_headwear_scope,14315,supported,onset,35,1
27,6,model_head_control,L27H6_query_self,468,query_self,0.25,7.643988308470591,7.594924332650639,0.0490639758199522,0.0,True,sequence_margin,,14315_headwear_scope,14315,supported,onset,35,1
27,6,model_head_control,L27H6_query_self,468,query_self,1.0,7.643988308470591,7.578415287261004,0.0655730212095875,0.0,True,sequence_margin,,14315_headwear_scope,14315,supported,onset,35,1
27,6,model_head_control,L27H6_prior_history,468,prior_history,0.25,7.643988308470591,7.556806223167221,0.08718208530337,0.0,True,sequence_margin,,14315_headwear_scope,14315,supported,onset,35,1
27,6,model_head_control,L27H6_prior_history,468,prior_history,1.0,7.643988308470591,7.59450375504878,0.0494845534218111,0.0,True,sequence_margin,,14315_headwear_scope,14315,supported,onset,35,1
27,6,model_head_control,L27H6_head_total,468,head_total,0.25,7.643988308470591,7.565431681480884,0.0785566269897071,0.0,True,sequence_margin,,14315_headwear_scope,14315,supported,onset,35,1
27,6,model_head_control,L27H6_head_total,468,head_total,1.0,7.643988308470591,7.618918456027145,0.0250698524434467,0.0,True,sequence_margin,,14315_headwear_scope,14315,supported,onset,35,1
27,6,model_head_control,L27H6_head_total,468,head_total,1.0,7.643988308470591,7.678475678189561,-0.0344873697189695,0.0,True,sequence_margin,equal_norm_random,14315_headwear_scope,14315,supported,onset,35,1
18,22,paired_gradient,L18H22_evidence,468,evidence,0.25,-4.697483304481864,-4.602877014102043,-0.0946062903798203,0.0,True,sequence_margin,,14315_headwear_scope,14315,unsupported,onset,35,2
18,22,paired_gradient,L18H22_evidence,468,evidence,1.0,-4.697483304481864,-4.166751707024309,-0.5307315974575548,0.0,True,sequence_margin,,14315_headwear_scope,14315,unsupported,onset,35,2
18,22,paired_gradient,L18H22_inapplicable_source,468,inapplicable_source,0.25,-4.697483304481864,-4.763585751800901,0.0661024473190368,0.0,True,sequence_margin,,14315_headwear_scope,14315,unsupported,onset,35,2
18,22,paired_gradient,L18H22_inapplicable_source,468,inapplicable_source,1.0,-4.697483304481864,-4.941096418809217,0.2436131143273527,0.0,True,sequence_margin,,14315_headwear_scope,14315,unsupported,onset,35,2
18,22,paired_gradient,L18H22_history,468,history,0.25,-4.697483304481864,-4.725063879411906,0.0275805749300426,0.0,True,sequence_margin,,14315_headwear_scope,14315,unsupported,onset,35,2
18,22,paired_gradient,L18H22_history,468,history,1.0,-4.697483304481864,-4.696766812464069,-0.0007164920177951,0.0,True,sequence_margin,,14315_headwear_scope,14315,unsupported,onset,35,2
18,22,paired_gradient,L18H22_query_self,468,query_self,0.25,-4.697483304481864,-4.675782001780417,-0.0217013027014472,0.0,True,sequence_margin,,14315_headwear_scope,14315,unsupported,onset,35,2
18,22,paired_gradient,L18H22_query_self,468,query_self,1.0,-4.697483304481864,-4.643624469148026,-0.0538588353338376,0.0,True,sequence_margin,,14315_headwear_scope,14315,unsupported,onset,35,2
18,22,paired_gradient,L18H22_prior_history,468,prior_history,0.25,-4.697483304481864,-4.722067396090364,0.0245840916085002,0.0,True,sequence_margin,,14315_headwear_scope,14315,unsupported,onset,35,2
18,22,paired_gradient,L18H22_prior_history,468,prior_history,1.0,-4.697483304481864,-4.725212907655542,0.027729603173678,0.0,True,sequence_margin,,14315_headwear_scope,14315,unsupported,onset,35,2
18,22,paired_gradient,L18H22_head_total,468,head_total,0.25,-4.697483304481864,-4.807099541245861,0.1096162367639967,0.0,True,sequence_margin,,14315_headwear_scope,14315,unsupported,onset,35,2
18,22,paired_gradient,L18H22_head_total,468,head_total,1.0,-4.697483304481864,-5.341087646879059,0.6436043423971949,0.0,True,sequence_margin,,14315_headwear_scope,14315,unsupported,onset,35,2
18,22,paired_gradient,L18H22_head_total,468,head_total,1.0,-4.697483304481864,-4.379214172677325,-0.3182691318045387,0.0,True,sequence_margin,equal_norm_random,14315_headwear_scope,14315,unsupported,onset,35,2
31,14,paired_gradient,L31H14_evidence,468,evidence,0.25,-4.697483304481864,-4.697483304481864,0.0,0.0,True,sequence_margin,,14315_headwear_scope,14315,unsupported,onset,35,2
31,14,paired_gradient,L31H14_evidence,468,evidence,1.0,-4.697483304481864,-4.697510007362723,2.6702880859375e-05,0.0,True,sequence_margin,,14315_headwear_scope,14315,unsupported,onset,35,2
31,14,paired_gradient,L31H14_inapplicable_source,468,inapplicable_source,0.25,-4.697483304481864,-4.697483304481864,0.0,0.0,True,sequence_margin,,14315_headwear_scope,14315,unsupported,onset,35,2
31,14,paired_gradient,L31H14_inapplicable_source,468,inapplicable_source,1.0,-4.697483304481864,-4.697483304481864,0.0,0.0,True,sequence_margin,,14315_headwear_scope,14315,unsupported,onset,35,2
31,14,paired_gradient,L31H14_history,468,history,0.25,-4.697483304481864,-4.055881741981864,-0.6416015625,0.0,True,sequence_margin,,14315_headwear_scope,14315,unsupported,onset,35,2
31,14,paired_gradient,L31H14_history,468,history,1.0,-4.697483304481864,-2.8460791144183872,-1.8514041900634768,0.0,True,sequence_margin,,14315_headwear_scope,14315,unsupported,onset,35,2
31,14,paired_gradient,L31H14_query_self,468,query_self,0.25,-4.697483304481864,-4.044883969765067,-0.6525993347167969,0.0,True,sequence_margin,,14315_headwear_scope,14315,unsupported,onset,35,2
31,14,paired_gradient,L31H14_query_self,468,query_self,1.0,-4.697483304481864,-2.8571808371356715,-1.8403024673461923,0.0,True,sequence_margin,,14315_headwear_scope,14315,unsupported,onset,35,2
31,14,paired_gradient,L31H14_prior_history,468,prior_history,0.25,-4.697483304481864,-4.68902421329534,-0.0084590911865234,0.0,True,sequence_margin,,14315_headwear_scope,14315,unsupported,onset,35,2
31,14,paired_gradient,L31H14_prior_history,468,prior_history,1.0,-4.697483304481864,-4.69212365482366,-0.005359649658204,0.0,True,sequence_margin,,14315_headwear_scope,14315,unsupported,onset,35,2
31,14,paired_gradient,L31H14_head_total,468,head_total,0.25,-4.697483304481864,-4.058511975746512,-0.6389713287353516,0.0,True,sequence_margin,,14315_headwear_scope,14315,unsupported,onset,35,2
31,14,paired_gradient,L31H14_head_total,468,head_total,1.0,-4.697483304481864,-2.828993085365652,-1.868490219116212,0.0,True,sequence_margin,,14315_headwear_scope,14315,unsupported,onset,35,2
31,14,paired_gradient,L31H14_head_total,468,head_total,1.0,-4.697483304481864,-6.032318356972098,1.3348350524902344,0.0,True,sequence_margin,equal_norm_random,14315_headwear_scope,14315,unsupported,onset,35,2
17,27,paired_gradient,L17H27_evidence,468,evidence,0.25,-4.697483304481864,-4.772962151861764,0.0754788473798999,0.0,True,sequence_margin,,14315_headwear_scope,14315,unsupported,onset,35,2
17,27,paired_gradient,L17H27_evidence,468,evidence,1.0,-4.697483304481864,-4.77137051814737,0.0738872136655057,0.0,True,sequence_margin,,14315_headwear_scope,14315,unsupported,onset,35,2
17,27,paired_gradient,L17H27_inapplicable_source,468,inapplicable_source,0.25,-4.697483304481864,-4.714315401207,0.0168320967251363,0.0,True,sequence_margin,,14315_headwear_scope,14315,unsupported,onset,35,2
17,27,paired_gradient,L17H27_inapplicable_source,468,inapplicable_source,1.0,-4.697483304481864,-4.833815103833255,0.1363317993513915,0.0,True,sequence_margin,,14315_headwear_scope,14315,unsupported,onset,35,2
17,27,paired_gradient,L17H27_history,468,history,0.25,-4.697483304481864,-4.699280709812335,0.0017974053304712,0.0,True,sequence_margin,,14315_headwear_scope,14315,unsupported,onset,35,2
17,27,paired_gradient,L17H27_history,468,history,1.0,-4.697483304481864,-4.942696584245655,0.2452132797637913,0.0,True,sequence_margin,,14315_headwear_scope,14315,unsupported,onset,35,2
17,27,paired_gradient,L17H27_query_self,468,query_self,0.25,-4.697483304481864,-4.626346217341863,-0.0711370871400012,0.0,True,sequence_margin,,14315_headwear_scope,14315,unsupported,onset,35,2
17,27,paired_gradient,L17H27_query_self,468,query_self,1.0,-4.697483304481864,-4.775950279928938,0.0784669754470739,0.0,True,sequence_margin,,14315_headwear_scope,14315,unsupported,onset,35,2
17,27,paired_gradient,L17H27_prior_history,468,prior_history,0.25,-4.697483304481864,-4.787072989620026,0.0895896851381623,0.0,True,sequence_margin,,14315_headwear_scope,14315,unsupported,onset,35,2
17,27,paired_gradient,L17H27_prior_history,468,prior_history,1.0,-4.697483304481864,-4.822024376566167,0.1245410720843027,0.0,True,sequence_margin,,14315_headwear_scope,14315,unsupported,onset,35,2
17,27,paired_gradient,L17H27_head_total,468,head_total,0.25,-4.697483304481864,-4.6928053042316185,-0.0046780002502453,0.0,True,sequence_margin,,14315_headwear_scope,14315,unsupported,onset,35,2
17,27,paired_gradient,L17H27_head_total,468,head_total,1.0,-4.697483304481864,-4.811910293321307,0.1144269888394431,0.0,True,sequence_margin,,14315_headwear_scope,14315,unsupported,onset,35,2
17,27,paired_gradient,L17H27_head_total,468,head_total,1.0,-4.697483304481864,-4.339692435722923,-0.3577908687589408,0.0,True,sequence_margin,equal_norm_random,14315_headwear_scope,14315,unsupported,onset,35,2
18,20,paired_gradient,L18H20_evidence,468,evidence,0.25,-4.697483304481864,-4.823105357430823,0.1256220529489589,0.0,True,sequence_margin,,14315_headwear_scope,14315,unsupported,onset,35,2
18,20,paired_gradient,L18H20_evidence,468,evidence,1.0,-4.697483304481864,-5.53341304882807,0.8359297443462061,0.0,True,sequence_margin,,14315_headwear_scope,14315,unsupported,onset,35,2
18,20,paired_gradient,L18H20_inapplicable_source,468,inapplicable_source,0.25,-4.697483304481864,-4.502296056472116,-0.1951872480097476,0.0,True,sequence_margin,,14315_headwear_scope,14315,unsupported,onset,35,2
18,20,paired_gradient,L18H20_inapplicable_source,468,inapplicable_source,1.0,-4.697483304481864,-4.461119195052154,-0.2363641094297097,0.0,True,sequence_margin,,14315_headwear_scope,14315,unsupported,onset,35,2
18,20,paired_gradient,L18H20_history,468,history,0.25,-4.697483304481864,-4.709564743877405,0.0120814393955415,0.0,True,sequence_margin,,14315_headwear_scope,14315,unsupported,onset,35,2
18,20,paired_gradient,L18H20_history,468,history,1.0,-4.697483304481864,-4.664387758064902,-0.0330955464169617,0.0,True,sequence_margin,,14315_headwear_scope,14315,unsupported,onset,35,2
18,20,paired_gradient,L18H20_query_self,468,query_self,0.25,-4.697483304481864,-4.785735533949893,0.0882522294680292,0.0,True,sequence_margin,,14315_headwear_scope,14315,unsupported,onset,35,2
18,20,paired_gradient,L18H20_query_self,468,query_self,1.0,-4.697483304481864,-4.678159802040155,-0.0193235024417086,0.0,True,sequence_margin,,14315_headwear_scope,14315,unsupported,onset,35,2
18,20,paired_gradient,L18H20_prior_history,468,prior_history,0.25,-4.697483304481864,-4.708393886782574,0.0109105823007098,0.0,True,sequence_margin,,14315_headwear_scope,14315,unsupported,onset,35,2
18,20,paired_gradient,L18H20_prior_history,468,prior_history,1.0,-4.697483304481864,-4.673483427210134,-0.0239998772717298,0.0,True,sequence_margin,,14315_headwear_scope,14315,unsupported,onset,35,2
18,20,paired_gradient,L18H20_head_total,468,head_total,0.25,-4.697483304481864,-4.815273097444384,0.1177897929625197,0.0,True,sequence_margin,,14315_headwear_scope,14315,unsupported,onset,35,2
18,20,paired_gradient,L18H20_head_total,468,head_total,1.0,-4.697483304481864,-5.393858148121952,0.6963748436400881,0.0,True,sequence_margin,,14315_headwear_scope,14315,unsupported,onset,35,2
18,20,paired_gradient,L18H20_head_total,468,head_total,1.0,-4.697483304481864,-4.425122346826383,-0.2723609576554811,0.0,True,sequence_margin,equal_norm_random,14315_headwear_scope,14315,unsupported,onset,35,2
27,6,model_head_control,L27H6_evidence,468,evidence,0.25,-4.697483304481864,-4.737829362337225,0.0403460578553609,0.0,True,sequence_margin,,14315_headwear_scope,14315,unsupported,onset,35,2
27,6,model_head_control,L27H6_evidence,468,evidence,1.0,-4.697483304481864,-4.706348186049072,0.0088648815672076,0.0,True,sequence_margin,,14315_headwear_scope,14315,unsupported,onset,35,2
27,6,model_head_control,L27H6_inapplicable_source,468,inapplicable_source,0.25,-4.697483304481864,-4.71663714308979,0.0191538386079264,0.0,True,sequence_margin,,14315_headwear_scope,14315,unsupported,onset,35,2
27,6,model_head_control,L27H6_inapplicable_source,468,inapplicable_source,1.0,-4.697483304481864,-4.727906991006102,0.0304236865242382,0.0,True,sequence_margin,,14315_headwear_scope,14315,unsupported,onset,35,2
27,6,model_head_control,L27H6_history,468,history,0.25,-4.697483304481864,-4.749263295807181,0.0517799913253176,0.0,True,sequence_margin,,14315_headwear_scope,14315,unsupported,onset,35,2
27,6,model_head_control,L27H6_history,468,history,1.0,-4.697483304481864,-4.756669942825948,0.0591866383440837,0.0,True,sequence_margin,,14315_headwear_scope,14315,unsupported,onset,35,2
27,6,model_head_control,L27H6_query_self,468,query_self,0.25,-4.697483304481864,-4.729429694352548,0.0319463898706837,0.0,True,sequence_margin,,14315_headwear_scope,14315,unsupported,onset,35,2
27,6,model_head_control,L27H6_query_self,468,query_self,1.0,-4.697483304481864,-4.718809712930684,0.0213264084488198,0.0,True,sequence_margin,,14315_headwear_scope,14315,unsupported,onset,35,2
27,6,model_head_control,L27H6_prior_history,468,prior_history,0.25,-4.697483304481864,-4.74159759509931,0.044114290617446,0.0,True,sequence_margin,,14315_headwear_scope,14315,unsupported,onset,35,2
27,6,model_head_control,L27H6_prior_history,468,prior_history,1.0,-4.697483304481864,-4.726485112647283,0.029001808165419,0.0,True,sequence_margin,,14315_headwear_scope,14315,unsupported,onset,35,2
27,6,model_head_control,L27H6_head_total,468,head_total,0.25,-4.697483304481864,-4.762905451386002,0.0654221469041385,0.0,True,sequence_margin,,14315_headwear_scope,14315,unsupported,onset,35,2
27,6,model_head_control,L27H6_head_total,468,head_total,1.0,-4.697483304481864,-4.773043732600697,0.0755604281188331,0.0,True,sequence_margin,,14315_headwear_scope,14315,unsupported,onset,35,2
27,6,model_head_control,L27H6_head_total,468,head_total,1.0,-4.697483304481864,-4.825240142524307,0.1277568380424432,0.0,True,sequence_margin,equal_norm_random,14315_headwear_scope,14315,unsupported,onset,35,2
12,2,paired_gradient,L12H2_evidence,660,evidence,0.25,6.077786245542399,6.079313339138597,-0.0015270935961986,0.0,True,sequence_margin,,14375_onion_stage,14375,supported,onset,126,1
12,2,paired_gradient,L12H2_evidence,660,evidence,1.0,6.077786245542399,6.161516320180197,-0.0837300746377982,0.0,True,sequence_margin,,14375_onion_stage,14375,supported,onset,126,1
12,2,paired_gradient,L12H2_inapplicable_source,660,inapplicable_source,0.25,6.077786245542399,6.174697559949362,-0.0969113144069631,0.0,True,sequence_margin,,14375_onion_stage,14375,supported,onset,126,1
12,2,paired_gradient,L12H2_inapplicable_source,660,inapplicable_source,1.0,6.077786245542399,6.082625999323182,-0.0048397537807831,0.0,True,sequence_margin,,14375_onion_stage,14375,supported,onset,126,1
12,2,paired_gradient,L12H2_history,660,history,0.25,6.077786245542399,6.069761659714583,0.0080245858278154,0.0,True,sequence_margin,,14375_onion_stage,14375,supported,onset,126,1
12,2,paired_gradient,L12H2_history,660,history,1.0,6.077786245542399,5.19857681999516,0.8792094255472387,0.0,True,sequence_margin,,14375_onion_stage,14375,supported,onset,126,1
12,2,paired_gradient,L12H2_query_self,660,query_self,0.25,6.077786245542399,6.246822333781859,-0.1690360882394603,0.0,True,sequence_margin,,14375_onion_stage,14375,supported,onset,126,1
12,2,paired_gradient,L12H2_query_self,660,query_self,1.0,6.077786245542399,6.429411666349896,-0.3516254208074976,0.0,True,sequence_margin,,14375_onion_stage,14375,supported,onset,126,1
12,2,paired_gradient,L12H2_prior_history,660,prior_history,0.25,6.077786245542399,6.004201346214471,0.073584899327928,0.0,True,sequence_margin,,14375_onion_stage,14375,supported,onset,126,1
12,2,paired_gradient,L12H2_prior_history,660,prior_history,1.0,6.077786245542399,4.848119835435,1.2296664101073986,0.0,True,sequence_margin,,14375_onion_stage,14375,supported,onset,126,1
12,2,paired_gradient,L12H2_head_total,660,head_total,0.25,6.077786245542399,6.115124301101978,-0.0373380555595792,0.0,True,sequence_margin,,14375_onion_stage,14375,supported,onset,126,1
12,2,paired_gradient,L12H2_head_total,660,head_total,1.0,6.077786245542399,5.198503194593167,0.8792830509492315,0.0,True,sequence_margin,,14375_onion_stage,14375,supported,onset,126,1
12,2,paired_gradient,L12H2_head_total,660,head_total,1.0,6.077786245542399,6.77298942749,-0.6952031819476012,0.0,True,sequence_margin,equal_norm_random,14375_onion_stage,14375,supported,onset,126,1
12,1,paired_gradient,L12H1_evidence,660,evidence,0.25,6.077786245542399,6.1867763138479335,-0.1089900683055349,0.0,True,sequence_margin,,14375_onion_stage,14375,supported,onset,126,1
12,1,paired_gradient,L12H1_evidence,660,evidence,1.0,6.077786245542399,6.157612994618212,-0.0798267490758135,0.0,True,sequence_margin,,14375_onion_stage,14375,supported,onset,126,1
12,1,paired_gradient,L12H1_inapplicable_source,660,inapplicable_source,0.25,6.077786245542399,6.049530148471908,0.0282560970704901,0.0,True,sequence_margin,,14375_onion_stage,14375,supported,onset,126,1
12,1,paired_gradient,L12H1_inapplicable_source,660,inapplicable_source,1.0,6.077786245542399,6.051913080005933,0.0258731655364652,0.0,True,sequence_margin,,14375_onion_stage,14375,supported,onset,126,1
12,1,paired_gradient,L12H1_history,660,history,0.25,6.077786245542399,5.7436707168439565,0.3341155286984421,0.0,True,sequence_margin,,14375_onion_stage,14375,supported,onset,126,1
12,1,paired_gradient,L12H1_history,660,history,1.0,6.077786245542399,4.970074686594055,1.1077115589483435,0.0,True,sequence_margin,,14375_onion_stage,14375,supported,onset,126,1
12,1,paired_gradient,L12H1_query_self,660,query_self,0.25,6.077786245542399,6.07475798842121,0.0030282571211888,0.0,True,sequence_margin,,14375_onion_stage,14375,supported,onset,126,1
12,1,paired_gradient,L12H1_query_self,660,query_self,1.0,6.077786245542399,6.115092133813599,-0.0373058882712005,0.0,True,sequence_margin,,14375_onion_stage,14375,supported,onset,126,1
12,1,paired_gradient,L12H1_prior_history,660,prior_history,0.25,6.077786245542399,5.800105650746007,0.2776805947963918,0.0,True,sequence_margin,,14375_onion_stage,14375,supported,onset,126,1
12,1,paired_gradient,L12H1_prior_history,660,prior_history,1.0,6.077786245542399,4.950074068456985,1.1277121770854135,0.0,True,sequence_margin,,14375_onion_stage,14375,supported,onset,126,1
12,1,paired_gradient,L12H1_head_total,660,head_total,0.25,6.077786245542399,5.592856240993895,0.4849300045485032,0.0,True,sequence_margin,,14375_onion_stage,14375,supported,onset,126,1
12,1,paired_gradient,L12H1_head_total,660,head_total,1.0,6.077786245542399,4.274070029623386,1.803716215919012,0.0,True,sequence_margin,,14375_onion_stage,14375,supported,onset,126,1
12,1,paired_gradient,L12H1_head_total,660,head_total,1.0,6.077786245542399,6.7029217465392605,-0.625135500996862,0.0,True,sequence_margin,equal_norm_random,14375_onion_stage,14375,supported,onset,126,1
12,12,paired_gradient,L12H12_evidence,660,evidence,0.25,6.077786245542399,6.077820695471679,-3.444992927992274e-05,0.0,True,sequence_margin,,14375_onion_stage,14375,supported,onset,126,1
12,12,paired_gradient,L12H12_evidence,660,evidence,1.0,6.077786245542399,6.10725664951344,-0.0294704039710413,0.0,True,sequence_margin,,14375_onion_stage,14375,supported,onset,126,1
12,12,paired_gradient,L12H12_inapplicable_source,660,inapplicable_source,0.25,6.077786245542399,6.077786245542399,0.0,0.0,True,sequence_margin,,14375_onion_stage,14375,supported,onset,126,1
12,12,paired_gradient,L12H12_inapplicable_source,660,inapplicable_source,1.0,6.077786245542399,6.077820695471679,-3.444992927992274e-05,0.0,True,sequence_margin,,14375_onion_stage,14375,supported,onset,126,1
12,12,paired_gradient,L12H12_history,660,history,0.25,6.077786245542399,5.46515115546147,0.6126350900809285,0.0,True,sequence_margin,,14375_onion_stage,14375,supported,onset,126,1
12,12,paired_gradient,L12H12_history,660,history,1.0,6.077786245542399,4.529678600909453,1.5481076446329451,0.0,True,sequence_margin,,14375_onion_stage,14375,supported,onset,126,1
12,12,paired_gradient,L12H12_query_self,660,query_self,0.25,6.077786245542399,5.468860703737349,0.6089255418050499,0.0,True,sequence_margin,,14375_onion_stage,14375,supported,onset,126,1
12,12,paired_gradient,L12H12_query_self,660,query_self,1.0,6.077786245542399,4.573280289126583,1.504505956415816,0.0,True,sequence_margin,,14375_onion_stage,14375,supported,onset,126,1
12,12,paired_gradient,L12H12_prior_history,660,prior_history,0.25,6.077786245542399,6.057624786735669,0.0201614588067293,0.0,True,sequence_margin,,14375_onion_stage,14375,supported,onset,126,1
12,12,paired_gradient,L12H12_prior_history,660,prior_history,1.0,6.077786245542399,6.125812994889406,-0.0480267493470076,0.0,True,sequence_margin,,14375_onion_stage,14375,supported,onset,126,1
12,12,paired_gradient,L12H12_head_total,660,head_total,0.25,6.077786245542399,5.446788023564821,0.6309982219775776,0.0,True,sequence_margin,,14375_onion_stage,14375,supported,onset,126,1
12,12,paired_gradient,L12H12_head_total,660,head_total,1.0,6.077786245542399,4.515501597588864,1.5622846479535344,0.0,True,sequence_margin,,14375_onion_stage,14375,supported,onset,126,1
12,12,paired_gradient,L12H12_head_total,660,head_total,1.0,6.077786245542399,7.370662568845704,-1.2928763233033056,0.0,True,sequence_margin,equal_norm_random,14375_onion_stage,14375,supported,onset,126,1
12,31,paired_gradient,L12H31_evidence,660,evidence,0.25,6.077786245542399,6.20797389389993,-0.1301876483575315,0.0,True,sequence_margin,,14375_onion_stage,14375,supported,onset,126,1
12,31,paired_gradient,L12H31_evidence,660,evidence,1.0,6.077786245542399,6.123925444439022,-0.0461391988966237,0.0,True,sequence_margin,,14375_onion_stage,14375,supported,onset,126,1
12,31,paired_gradient,L12H31_inapplicable_source,660,inapplicable_source,0.25,6.077786245542399,6.147169526889956,-0.0693832813475578,0.0,True,sequence_margin,,14375_onion_stage,14375,supported,onset,126,1
12,31,paired_gradient,L12H31_inapplicable_source,660,inapplicable_source,1.0,6.077786245542399,6.072184002198366,0.0056022433440325,0.0,True,sequence_margin,,14375_onion_stage,14375,supported,onset,126,1
12,31,paired_gradient,L12H31_history,660,history,0.25,6.077786245542399,6.559147950279834,-0.4813617047374352,0.0,True,sequence_margin,,14375_onion_stage,14375,supported,onset,126,1
12,31,paired_gradient,L12H31_history,660,history,1.0,6.077786245542399,7.483926774794842,-1.4061405292524434,0.0,True,sequence_margin,,14375_onion_stage,14375,supported,onset,126,1
12,31,paired_gradient,L12H31_query_self,660,query_self,0.25,6.077786245542399,6.327319928911754,-0.2495336833693553,0.0,True,sequence_margin,,14375_onion_stage,14375,supported,onset,126,1
12,31,paired_gradient,L12H31_query_self,660,query_self,1.0,6.077786245542399,6.672181271909514,-0.5943950263671152,0.0,True,sequence_margin,,14375_onion_stage,14375,supported,onset,126,1
12,31,paired_gradient,L12H31_prior_history,660,prior_history,0.25,6.077786245542399,6.475867066470727,-0.3980808209283282,0.0,True,sequence_margin,,14375_onion_stage,14375,supported,onset,126,1
12,31,paired_gradient,L12H31_prior_history,660,prior_history,1.0,6.077786245542399,7.187789120098784,-1.1100028745563852,0.0,True,sequence_margin,,14375_onion_stage,14375,supported,onset,126,1
12,31,paired_gradient,L12H31_head_total,660,head_total,0.25,6.077786245542399,6.668341824441307,-0.5905555788989085,0.0,True,sequence_margin,,14375_onion_stage,14375,supported,onset,126,1
12,31,paired_gradient,L12H31_head_total,660,head_total,1.0,6.077786245542399,7.448735795957873,-1.3709495504154745,0.0,True,sequence_margin,,14375_onion_stage,14375,supported,onset,126,1
12,31,paired_gradient,L12H31_head_total,660,head_total,1.0,6.077786245542399,6.734168457750402,-0.6563822122080039,0.0,True,sequence_margin,equal_norm_random,14375_onion_stage,14375,supported,onset,126,1
27,7,model_head_control,L27H7_evidence,660,evidence,0.25,6.077786245542399,6.054714835630454,0.0230714099119442,0.0,True,sequence_margin,,14375_onion_stage,14375,supported,onset,126,1
27,7,model_head_control,L27H7_evidence,660,evidence,1.0,6.077786245542399,6.12102321923781,-0.0432369736954116,0.0,True,sequence_margin,,14375_onion_stage,14375,supported,onset,126,1
27,7,model_head_control,L27H7_inapplicable_source,660,inapplicable_source,0.25,6.077786245542399,6.118163038128766,-0.0403767925863673,0.0,True,sequence_margin,,14375_onion_stage,14375,supported,onset,126,1
27,7,model_head_control,L27H7_inapplicable_source,660,inapplicable_source,1.0,6.077786245542399,6.078571181092367,-0.0007849355499685,0.0,True,sequence_margin,,14375_onion_stage,14375,supported,onset,126,1
27,7,model_head_control,L27H7_history,660,history,0.25,6.077786245542399,6.08343148337133,-0.0056452378289311,0.0,True,sequence_margin,,14375_onion_stage,14375,supported,onset,126,1
27,7,model_head_control,L27H7_history,660,history,1.0,6.077786245542399,6.045053089129235,0.0327331564131636,0.0,True,sequence_margin,,14375_onion_stage,14375,supported,onset,126,1
27,7,model_head_control,L27H7_query_self,660,query_self,0.25,6.077786245542399,6.080762576385182,-0.0029763308427837,0.0,True,sequence_margin,,14375_onion_stage,14375,supported,onset,126,1
27,7,model_head_control,L27H7_query_self,660,query_self,1.0,6.077786245542399,6.091745583157185,-0.0139593376147866,0.0,True,sequence_margin,,14375_onion_stage,14375,supported,onset,126,1
27,7,model_head_control,L27H7_prior_history,660,prior_history,0.25,6.077786245542399,6.051489439246135,0.0262968062962638,0.0,True,sequence_margin,,14375_onion_stage,14375,supported,onset,126,1
27,7,model_head_control,L27H7_prior_history,660,prior_history,1.0,6.077786245542399,6.030524375640192,0.0472618699022069,0.0,True,sequence_margin,,14375_onion_stage,14375,supported,onset,126,1
27,7,model_head_control,L27H7_head_total,660,head_total,0.25,6.077786245542399,6.089857360276185,-0.0120711147337866,0.0,True,sequence_margin,,14375_onion_stage,14375,supported,onset,126,1
27,7,model_head_control,L27H7_head_total,660,head_total,1.0,6.077786245542399,6.041866278936277,0.0359199666061211,0.0,True,sequence_margin,,14375_onion_stage,14375,supported,onset,126,1
27,7,model_head_control,L27H7_head_total,660,head_total,1.0,6.077786245542399,6.244727825148163,-0.1669415796057647,0.0,True,sequence_margin,equal_norm_random,14375_onion_stage,14375,supported,onset,126,1
12,2,paired_gradient,L12H2_evidence,660,evidence,0.25,0.0745809072025318,0.0402246771789336,0.0343562300235982,0.0,True,sequence_margin,,14375_onion_stage,14375,unsupported,onset,126,0
12,2,paired_gradient,L12H2_evidence,660,evidence,1.0,0.0745809072025318,0.0583403992185673,0.0162405079839644,0.0,True,sequence_margin,,14375_onion_stage,14375,unsupported,onset,126,0
12,2,paired_gradient,L12H2_inapplicable_source,660,inapplicable_source,0.25,0.0745809072025318,0.1032736941904901,-0.0286927869879582,0.0,True,sequence_margin,,14375_onion_stage,14375,unsupported,onset,126,0
12,2,paired_gradient,L12H2_inapplicable_source,660,inapplicable_source,1.0,0.0745809072025318,0.0848809395675753,-0.0103000323650435,0.0,True,sequence_margin,,14375_onion_stage,14375,unsupported,onset,126,0
12,2,paired_gradient,L12H2_history,660,history,0.25,0.0745809072025318,0.125985091515854,-0.0514041843133221,0.0,True,sequence_margin,,14375_onion_stage,14375,unsupported,onset,126,0
12,2,paired_gradient,L12H2_history,660,history,1.0,0.0745809072025318,0.0896338413680477,-0.0150529341655158,0.0,True,sequence_margin,,14375_onion_stage,14375,unsupported,onset,126,0
12,2,paired_gradient,L12H2_query_self,660,query_self,0.25,0.0745809072025318,0.0626674542662879,0.0119134529362439,0.0,True,sequence_margin,,14375_onion_stage,14375,unsupported,onset,126,0
12,2,paired_gradient,L12H2_query_self,660,query_self,1.0,0.0745809072025318,-0.0149388209934215,0.0895197281959534,0.0,True,sequence_margin,,14375_onion_stage,14375,unsupported,onset,126,0
12,2,paired_gradient,L12H2_prior_history,660,prior_history,0.25,0.0745809072025318,0.145196539970295,-0.0706156327677631,0.0,True,sequence_margin,,14375_onion_stage,14375,unsupported,onset,126,0
12,2,paired_gradient,L12H2_prior_history,660,prior_history,1.0,0.0745809072025318,0.2927919488434738,-0.2182110416409419,0.0,True,sequence_margin,,14375_onion_stage,14375,unsupported,onset,126,0
12,2,paired_gradient,L12H2_head_total,660,head_total,0.25,0.0745809072025318,0.1028683373322327,-0.0282874301297009,0.0,True,sequence_margin,,14375_onion_stage,14375,unsupported,onset,126,0
12,2,paired_gradient,L12H2_head_total,660,head_total,1.0,0.0745809072025318,0.163243717690245,-0.0886628104877131,0.0,True,sequence_margin,,14375_onion_stage,14375,unsupported,onset,126,0
12,2,paired_gradient,L12H2_head_total,660,head_total,1.0,0.0745809072025318,0.3453030546562781,-0.2707221474537462,0.0,True,sequence_margin,equal_norm_random,14375_onion_stage,14375,unsupported,onset,126,0
12,1,paired_gradient,L12H1_evidence,660,evidence,0.25,0.0745809072025318,0.0293696621292824,0.0452112450732493,0.0,True,sequence_margin,,14375_onion_stage,14375,unsupported,onset,126,0
12,1,paired_gradient,L12H1_evidence,660,evidence,1.0,0.0745809072025318,0.0628867433094986,0.0116941638930332,0.0,True,sequence_margin,,14375_onion_stage,14375,unsupported,onset,126,0
12,1,paired_gradient,L12H1_inapplicable_source,660,inapplicable_source,0.25,0.0745809072025318,0.1010108321656146,-0.0264299249630828,0.0,True,sequence_margin,,14375_onion_stage,14375,unsupported,onset,126,0
12,1,paired_gradient,L12H1_inapplicable_source,660,inapplicable_source,1.0,0.0745809072025318,0.0605756063656617,0.0140053008368701,0.0,True,sequence_margin,,14375_onion_stage,14375,unsupported,onset,126,0
12,1,paired_gradient,L12H1_history,660,history,0.25,0.0745809072025318,0.0706899243469227,0.003890982855609,0.0,True,sequence_margin,,14375_onion_stage,14375,unsupported,onset,126,0
12,1,paired_gradient,L12H1_history,660,history,1.0,0.0745809072025318,-0.06282026475141,0.1374011719539418,0.0,True,sequence_margin,,14375_onion_stage,14375,unsupported,onset,126,0
12,1,paired_gradient,L12H1_query_self,660,query_self,0.25,0.0745809072025318,0.11260815220191,-0.0380272449993781,0.0,True,sequence_margin,,14375_onion_stage,14375,unsupported,onset,126,0
12,1,paired_gradient,L12H1_query_self,660,query_self,1.0,0.0745809072025318,0.0812684121377325,-0.0066875049352006,0.0,True,sequence_margin,,14375_onion_stage,14375,unsupported,onset,126,0
12,1,paired_gradient,L12H1_prior_history,660,prior_history,0.25,0.0745809072025318,0.0292559152247164,0.0453249919778153,0.0,True,sequence_margin,,14375_onion_stage,14375,unsupported,onset,126,0
12,1,paired_gradient,L12H1_prior_history,660,prior_history,1.0,0.0745809072025318,-0.0607039607672823,0.1352848679698142,0.0,True,sequence_margin,,14375_onion_stage,14375,unsupported,onset,126,0
12,1,paired_gradient,L12H1_head_total,660,head_total,0.25,0.0745809072025318,-0.0435640409687847,0.1181449481713166,0.0,True,sequence_margin,,14375_onion_stage,14375,unsupported,onset,126,0
12,1,paired_gradient,L12H1_head_total,660,head_total,1.0,0.0745809072025318,-0.3491204654778359,0.4237013726803678,0.0,True,sequence_margin,,14375_onion_stage,14375,unsupported,onset,126,0
12,1,paired_gradient,L12H1_head_total,660,head_total,1.0,0.0745809072025318,0.2753628640420777,-0.2007819568395459,0.0,True,sequence_margin,equal_norm_random,14375_onion_stage,14375,unsupported,onset,126,0
12,12,paired_gradient,L12H12_evidence,660,evidence,0.25,0.0745809072025318,0.0745809072025318,0.0,0.0,True,sequence_margin,,14375_onion_stage,14375,unsupported,onset,126,0
12,12,paired_gradient,L12H12_evidence,660,evidence,1.0,0.0745809072025318,0.0745809072025318,0.0,0.0,True,sequence_margin,,14375_onion_stage,14375,unsupported,onset,126,0
12,12,paired_gradient,L12H12_inapplicable_source,660,inapplicable_source,0.25,0.0745809072025318,0.0745809072025318,0.0,0.0,True,sequence_margin,,14375_onion_stage,14375,unsupported,onset,126,0
12,12,paired_gradient,L12H12_inapplicable_source,660,inapplicable_source,1.0,0.0745809072025318,0.0745809072025318,0.0,0.0,True,sequence_margin,,14375_onion_stage,14375,unsupported,onset,126,0
12,12,paired_gradient,L12H12_history,660,history,0.25,0.0745809072025318,-0.1043043240121228,0.1788852312146547,0.0,True,sequence_margin,,14375_onion_stage,14375,unsupported,onset,126,0
12,12,paired_gradient,L12H12_history,660,history,1.0,0.0745809072025318,-0.5009000980022043,0.5754810052047361,0.0,True,sequence_margin,,14375_onion_stage,14375,unsupported,onset,126,0
12,12,paired_gradient,L12H12_query_self,660,query_self,0.25,0.0745809072025318,-0.0553769888273949,0.1299578960299268,0.0,True,sequence_margin,,14375_onion_stage,14375,unsupported,onset,126,0
12,12,paired_gradient,L12H12_query_self,660,query_self,1.0,0.0745809072025318,-0.486369396236999,0.5609503034395309,0.0,True,sequence_margin,,14375_onion_stage,14375,unsupported,onset,126,0
12,12,paired_gradient,L12H12_prior_history,660,prior_history,0.25,0.0745809072025318,0.0442323972314064,0.0303485099711253,0.0,True,sequence_margin,,14375_onion_stage,14375,unsupported,onset,126,0
12,12,paired_gradient,L12H12_prior_history,660,prior_history,1.0,0.0745809072025318,0.1137480659308538,-0.0391671587283219,0.0,True,sequence_margin,,14375_onion_stage,14375,unsupported,onset,126,0
12,12,paired_gradient,L12H12_head_total,660,head_total,0.25,0.0745809072025318,-0.0431149312680894,0.1176958384706212,0.0,True,sequence_margin,,14375_onion_stage,14375,unsupported,onset,126,0
12,12,paired_gradient,L12H12_head_total,660,head_total,1.0,0.0745809072025318,-0.4716529526669641,0.546233859869496,0.0,True,sequence_margin,,14375_onion_stage,14375,unsupported,onset,126,0
12,12,paired_gradient,L12H12_head_total,660,head_total,1.0,0.0745809072025318,0.4510556354214128,-0.3764747282188809,0.0,True,sequence_margin,equal_norm_random,14375_onion_stage,14375,unsupported,onset,126,0
12,31,paired_gradient,L12H31_evidence,660,evidence,0.25,0.0745809072025318,0.0487492125913702,0.0258316946111616,0.0,True,sequence_margin,,14375_onion_stage,14375,unsupported,onset,126,0
12,31,paired_gradient,L12H31_evidence,660,evidence,1.0,0.0745809072025318,0.1304673114975658,-0.055886404295034,0.0,True,sequence_margin,,14375_onion_stage,14375,unsupported,onset,126,0
12,31,paired_gradient,L12H31_inapplicable_source,660,inapplicable_source,0.25,0.0745809072025318,0.1305318021426065,-0.0559508949400746,0.0,True,sequence_margin,,14375_onion_stage,14375,unsupported,onset,126,0
12,31,paired_gradient,L12H31_inapplicable_source,660,inapplicable_source,1.0,0.0745809072025318,0.0711610858904707,0.003419821312061,0.0,True,sequence_margin,,14375_onion_stage,14375,unsupported,onset,126,0
12,31,paired_gradient,L12H31_history,660,history,0.25,0.0745809072025318,0.0798089141449445,-0.0052280069424126,0.0,True,sequence_margin,,14375_onion_stage,14375,unsupported,onset,126,0
12,31,paired_gradient,L12H31_history,660,history,1.0,0.0745809072025318,0.1342163439418735,-0.0596354367393416,0.0,True,sequence_margin,,14375_onion_stage,14375,unsupported,onset,126,0
12,31,paired_gradient,L12H31_query_self,660,query_self,0.25,0.0745809072025318,0.0570325152230526,0.0175483919794792,0.0,True,sequence_margin,,14375_onion_stage,14375,unsupported,onset,126,0
12,31,paired_gradient,L12H31_query_self,660,query_self,1.0,0.0745809072025318,0.0126594735142071,0.0619214336883247,0.0,True,sequence_margin,,14375_onion_stage,14375,unsupported,onset,126,0
12,31,paired_gradient,L12H31_prior_history,660,prior_history,0.25,0.0745809072025318,0.1376024562548705,-0.0630215490523387,0.0,True,sequence_margin,,14375_onion_stage,14375,unsupported,onset,126,0
12,31,paired_gradient,L12H31_prior_history,660,prior_history,1.0,0.0745809072025318,0.1431198296524649,-0.068538922449933,0.0,True,sequence_margin,,14375_onion_stage,14375,unsupported,onset,126,0
12,31,paired_gradient,L12H31_head_total,660,head_total,0.25,0.0745809072025318,0.0685847970178006,0.0059961101847312,0.0,True,sequence_margin,,14375_onion_stage,14375,unsupported,onset,126,0
12,31,paired_gradient,L12H31_head_total,660,head_total,1.0,0.0745809072025318,0.1372518816332792,-0.0626709744307474,0.0,True,sequence_margin,,14375_onion_stage,14375,unsupported,onset,126,0
12,31,paired_gradient,L12H31_head_total,660,head_total,1.0,0.0745809072025318,0.3412476534585713,-0.2666667462560395,0.0,True,sequence_margin,equal_norm_random,14375_onion_stage,14375,unsupported,onset,126,0
27,7,model_head_control,L27H7_evidence,660,evidence,0.25,0.0745809072025318,0.0981917243147805,-0.0236108171122486,0.0,True,sequence_margin,,14375_onion_stage,14375,unsupported,onset,126,0
27,7,model_head_control,L27H7_evidence,660,evidence,1.0,0.0745809072025318,0.1187715035039236,-0.0441905963013917,0.0,True,sequence_margin,,14375_onion_stage,14375,unsupported,onset,126,0
27,7,model_head_control,L27H7_inapplicable_source,660,inapplicable_source,0.25,0.0745809072025318,0.0872478913738898,-0.012666984171358,0.0,True,sequence_margin,,14375_onion_stage,14375,unsupported,onset,126,0
27,7,model_head_control,L27H7_inapplicable_source,660,inapplicable_source,1.0,0.0745809072025318,0.0862209897571402,-0.0116400825546083,0.0,True,sequence_margin,,14375_onion_stage,14375,unsupported,onset,126,0
27,7,model_head_control,L27H7_history,660,history,0.25,0.0745809072025318,0.0648318601588098,0.009749047043722,0.0,True,sequence_margin,,14375_onion_stage,14375,unsupported,onset,126,0
27,7,model_head_control,L27H7_history,660,history,1.0,0.0745809072025318,0.0686631059128002,0.0059178012897316,0.0,True,sequence_margin,,14375_onion_stage,14375,unsupported,onset,126,0
27,7,model_head_control,L27H7_query_self,660,query_self,0.25,0.0745809072025318,0.0632416513951086,0.0113392558074232,0.0,True,sequence_margin,,14375_onion_stage,14375,unsupported,onset,126,0
27,7,model_head_control,L27H7_query_self,660,query_self,1.0,0.0745809072025318,0.0806419630414407,-0.0060610558389089,0.0,True,sequence_margin,,14375_onion_stage,14375,unsupported,onset,126,0
27,7,model_head_control,L27H7_prior_history,660,prior_history,0.25,0.0745809072025318,0.0671078253878323,0.0074730818146995,0.0,True,sequence_margin,,14375_onion_stage,14375,unsupported,onset,126,0
27,7,model_head_control,L27H7_prior_history,660,prior_history,1.0,0.0745809072025318,0.0920972396141914,-0.0175163324116596,0.0,True,sequence_margin,,14375_onion_stage,14375,unsupported,onset,126,0
27,7,model_head_control,L27H7_head_total,660,head_total,0.25,0.0745809072025318,0.1002739646094652,-0.0256930574069333,0.0,True,sequence_margin,,14375_onion_stage,14375,unsupported,onset,126,0
27,7,model_head_control,L27H7_head_total,660,head_total,1.0,0.0745809072025318,0.1060757016023479,-0.031494794399816,0.0,True,sequence_margin,,14375_onion_stage,14375,unsupported,onset,126,0
27,7,model_head_control,L27H7_head_total,660,head_total,1.0,0.0745809072025318,0.1088101968566741,-0.0342292896541422,0.0,True,sequence_margin,equal_norm_random,14375_onion_stage,14375,unsupported,onset,126,0
