unit,layer,head,receiver,source,attention_mass,value_energy,message_norm,final_linear_support,linear_metric,strength,selection,dose,treatment,next_margin,correct_first_logp,wrong_first_logp,next_top1,candidate_first_ids,raw_native_next_margin,lm_head_rounding_error,first_metric,vocabulary_kl_from_full,correct_token_logps,correct_logp,correct_mean_logp,correct_tokens,correct_branch_first_error,wrong_token_logps,wrong_logp,wrong_mean_logp,wrong_tokens,wrong_branch_first_error,sequence_margin,mean_margin,tail_margin,first_support,sequence_support,linear_prediction,case_id,source_id,side,panel,gradient_finite_disagreement
L17H18Q468S467,17,18,468,467,0.625,22.2255859375,1.6876200437545776,0.8902066946029663,sequence_margin,0.8902066946029663,signed_gradient,1.0,cut,5.298187255859375,-0.1142833641433542,-5.412470620002729,19079,"[19079, 264]",5.25,0.0594863891601562,same_prefix_fp32_head_float64_log_softmax,0.0027572431389719,"[-0.1142833641433542, -1.4805436876018154, -0.34468539642801893, -0.08431489339841779, -0.03815291902273565, -0.0005049833731369855, -0.000220367067043237, -0.35622230780678865, -0.35205068159053404, -0.3662260932719987]",-3.137204693703844,-0.3137204693703843,10,0.0012969238723868,"[-5.412470620002729, -1.5230373492077152, -8.060578959790028e-05, -0.244659334712389, -1.0669135489506396, -1.3995195837194372, -0.0002700578550776856, -0.014926375832401988, -4.760912847061336e-06, -0.00030708214385097, -1.680225381893133e-05]",-9.662206121380503,-0.8783823746709548,11,-0.0559439357594326,6.52500142767666,0.5646619053005705,1.226814171817285,1.1134757995605469,1.1189868807939316,0.8902066946029663,14315_headwear_scope,14315,supported,natural,False
L14H26Q261S260,14,26,261,260,0.6796875,13.607864379882812,1.723900556564331,-1.4214173555374146,sequence_margin,1.4214173555374146,signed_gradient,1.0,cut,6.384822845458984,-0.093808664356928,-6.478631509815912,19079,"[19079, 264]",6.375,0.0560340881347656,same_prefix_fp32_head_float64_log_softmax,6.349375085489334e-05,"[-0.09380866435692806, -1.4997632622196189, -0.3587568444155913, -0.08690068684191284, -0.03531115475776879, -0.0005001019248910528, -0.0002280701949732035, -0.36495780643575987, -0.35222686569164163, -0.3742747502269243]",-3.16672820706601,-0.316672820706601,10,0.0033651402300834,"[-6.478631509815912, -1.55385513033267, -8.199929999490718e-05, -0.2443718838352242, -1.1845141118672478, -2.8607937193211708, -0.0004366514107424893, -0.023302685755281494, -5.854821227070942e-06, -0.0003559388082201344, -1.9079084480031238e-05]",-12.34636856435217,-1.1223971422138337,11,0.0114381353948624,9.17964035728616,0.8057243215072327,2.7948175118271763,0.0268402099609375,-1.5356520488155692,-1.4214173555374146,14315_headwear_scope,14315,supported,natural,False
L0H3Q257S256,0,3,257,256,0.94140625,0.3167335987091064,0.3346352577209472,0.8389962911605835,sequence_margin,0.8389962911605835,signed_gradient,1.0,cut,6.33342170715332,-0.0842306996620154,-6.417652406815336,19079,"[19079, 264]",6.375,0.0593109130859375,same_prefix_fp32_head_float64_log_softmax,0.0391585736007654,"[-0.0842306996620154, -1.4127155370852988, -0.4356221573926484, -0.08693010002902378, -0.03887938409202754, -0.0005838036896572955, -0.0002197893467332255, -0.4064076192348967, -0.3652958078830228, -0.37153349514432843]",-3.202418393559653,-0.3202418393559653,10,0.0090236676123946,"[-6.4176524068153356, -1.5048794127491856, -0.0001252614707391556, -0.2718222608161169, -1.057460391187883, -1.0401540753157006, -0.00021600344429378773, -0.035685658231780666, -7.862671741410359e-06, -0.0004609998243734469, -0.0010470605861385718]",-10.329511393113288,-0.939046490283026,11,-0.0592240645063988,7.127092999553635,0.6188046509270608,0.7936712924003144,0.0782413482666015,0.5168953089169568,0.8389962911605835,14315_headwear_scope,14315,supported,natural,False
L16H22Q262S260,16,22,262,260,0.42578125,14.610663414001465,1.0599358081817627,-0.8197564482688904,sequence_margin,0.8197564482688904,signed_gradient,1.0,cut,6.362056732177734,-0.0961402002330028,-6.458196932410737,19079,"[19079, 264]",6.375,0.0446376800537109,same_prefix_fp32_head_float64_log_softmax,9.937164383158849e-06,"[-0.09614020023300289, -1.5019225710471666, -0.32941081558976265, -0.081416772604254, -0.0374976927411534, -0.000501500333695809, -0.00023121233877790385, -0.3730851762949757, -0.3582265692790973, -0.38803945598947776]",-3.166471966451364,-0.3166471966451364,10,0.007627870366422,"[-6.458196932410737, -1.5282651428527452, -7.831592228151648e-05, -0.23931059810832253, -1.0939081499448806, -2.565293699367014, -0.00029507508967339436, -0.015917932770092392, -4.834115234186473e-06, -0.00032504807291630676, -1.6430936558785136e-05]",-11.901612159590456,-1.0819647417809504,11,-0.0326027089311384,8.735140193139092,0.765317545135814,2.3730834609613574,0.0496063232421875,-1.0911518846685002,-0.8197564482688904,14315_headwear_scope,14315,supported,natural,False
L19H2Q468S467,19,2,468,467,0.6640625,13.088233947753906,1.466764211654663,0.8281606435775757,sequence_margin,0.8281606435775757,signed_gradient,1.0,cut,5.490131378173828,-0.0925554204957549,-5.582686798669583,19079,"[19079, 264]",5.5,0.061685562133789,same_prefix_fp32_head_float64_log_softmax,0.0011807254966059,"[-0.09255542049575496, -1.4827741724800003, -0.3421569406628493, -0.08420442115906417, -0.03783975561844297, -0.000527512191877029, -0.00022700868996072788, -0.3532750702959059, -0.3467892979912752, -0.36257190111177473]",-3.1029215006969046,-0.3102921500696904,10,0.0060856578915965,"[-5.582686798669583, -1.4901394498358609, -7.314469332800397e-05, -0.23831418931300527, -1.042376400295151, -1.4491385470227405, -0.0002587310576215834, -0.014561614211568723, -4.704760147656921e-06, -0.00031434939267504993, -1.7161907873968346e-05]",-9.817885091159557,-0.8925350082872323,11,0.0043420114487275,6.71496359046265,0.5822428582175418,1.2248322122888222,0.9215316772460938,0.9290247180079412,0.8281606435775757,14315_headwear_scope,14315,supported,natural,False
L12H12Q468S468,12,12,468,468,0.8046875,10.567468643188477,1.699389100074768,-0.7306298613548279,sequence_margin,0.7306298613548279,signed_gradient,1.0,cut,6.310079574584961,-0.0656010156668663,-6.375680590251827,19079,"[19079, 264]",6.25,0.0496501922607421,same_prefix_fp32_head_float64_log_softmax,0.0085095993241789,"[-0.06560101566686632, -1.4526907065511687, -0.33670794852481284, -0.08155663235771567, -0.03631943117452622, -0.0005082797587897007, -0.00022492668394897433, -0.3587926782784809, -0.36203200098460087, -0.37389182068711135]",-3.068325440668022,-0.3068325440668021,10,0.0007967035167495,"[-6.375680590251827, -1.6838177838323496, -7.388215712118617e-05, -0.23981904522931283, -1.0252490654818143, -1.4100579625897565, -0.0002688185731066872, -0.01638168442962568, -5.09657446251311e-06, -0.00034237533449859095, -2.0170933330691018e-05]",-10.751716475387203,-0.9774287704897456,11,0.0473969512133072,7.683391034719182,0.6705962264229436,1.373311460134221,0.1015834808349609,-0.03940272624859,-0.7306298613548279,14315_headwear_scope,14315,supported,natural,False
L31H18Q468S468,31,18,468,468,0.55859375,13.86378288269043,1.910705327987671,0.7083052396774292,sequence_margin,0.7083052396774292,signed_gradient,1.0,cut,5.64227294921875,-0.0991791669799675,-5.741452116198717,19079,"[19079, 264]",5.75,0.0625190734863281,same_prefix_fp32_head_float64_log_softmax,0.0006324923869975,"[-0.0991791669799675, -1.4842194823195118, -0.35095965253083433, -0.08243130999712582, -0.037707757357855996, -0.0005004610800752342, -0.00022163679897500876, -0.35311505238495844, -0.36460202336255126, -0.3692585039993486]",-3.1421950468112043,-0.3142195046811204,10,0.0123725050567044,"[-5.741452116198717, -1.5301174703045473, -7.991174745279683e-05, -0.24045295960947569, -1.0724729809681826, -1.416388024135908, -0.00025815907723917935, -0.015227816886957488, -4.707999232067685e-06, -0.00032143500957532536, -1.7667143337439322e-05]",-10.016793249080624,-0.9106175680982384,11,-0.0086710735891513,6.874598202269418,0.596398063417118,1.232325253050668,0.7693901062011719,0.7693901062011737,0.7083052396774292,14315_headwear_scope,14315,supported,natural,False
L0H6Q467S466,0,6,467,466,0.86328125,0.5548059940338135,0.4351382851600647,-0.5051692724227905,sequence_margin,0.5051692724227905,signed_gradient,1.0,cut,6.906101226806641,-0.078607972974027,-6.984709199780668,19079,"[19079, 264]",6.875,0.0411109924316406,same_prefix_fp32_head_float64_log_softmax,0.0019074936393036,"[-0.07860797297402707, -1.3879127642453042, -0.3775378579481783, -0.07726354330157836, -0.04600453280136835, -0.0005624131607665025, -0.00020066944508227206, -0.41883814690340954, -0.37574483056733377, -0.4014236597512129]",-3.164096391098261,-0.3164096391098261,10,-0.0015557545375257,"[-6.984709199780668, -1.7873599074458382, -9.560747973877633e-05, -0.22889885920470127, -1.0475657759064072, -1.3871518819065771, -0.00030521186321516314, -0.01815396772373552, -5.0955483760860356e-06, -0.0003634540453140927, -1.8401518704163855e-05]",-11.454627362423276,-1.0413297602202978,11,0.0562249322188765,8.290530971325015,0.7249201211104717,1.3844297445183749,-0.4944381713867187,-0.646542662854424,-0.5051692724227905,14315_headwear_scope,14315,supported,natural,False
L20H15Q467S377,20,15,467,377,0.1142578125,22.39099884033203,0.2989082932472229,-0.0044077052734792,sequence_margin,0.0044077052734792,unselected_candidate_control,1.0,cut,6.341283798217773,-0.0990899032014393,-6.440373701419213,19079,"[19079, 264]",6.25,0.0486488342285156,same_prefix_fp32_head_float64_log_softmax,6.41177842870017e-05,"[-0.09908990320143939, -1.4827330720137613, -0.3444771208510984, -0.08200135878432296, -0.03640583015356905, -0.0005051333107723221, -0.00021898710028504302, -0.35677959800946246, -0.35193863072305737, -0.3647625493241278]",-3.118912183471896,-0.3118912183471896,10,0.0104756538687084,"[-6.440373701419213, -1.5426363964661916, -7.803553599667555e-05, -0.23831298250878094, -1.0629567701723386, -1.408562981378995, -0.0002690145230566377, -0.015114800352947875, -4.958216405196387e-06, -0.00033248928068320215, -1.656911142748965e-05]",-10.708658698966032,-0.9735144271787304,11,-0.0104127088524474,7.589746515494138,0.6616232088315407,1.2484627172763645,0.0703792572021484,0.0542417929764535,-0.0044077052734792,14315_headwear_scope,14315,supported,natural,False
L13H23Q468S403,13,23,468,403,0.020751953125,9.935993194580078,0.0463232174515724,-0.0140236821025609,sequence_margin,0.0140236821025609,unselected_candidate_control,1.0,cut,6.432199478149414,-0.0946468523348277,-6.526846330484242,19079,"[19079, 264]",6.5,0.0529918670654296,same_prefix_fp32_head_float64_log_softmax,7.955645399054649e-06,"[-0.09464685233482778, -1.5004439741728075, -0.34049988268583253, -0.08093543225324493, -0.03784912202889395, -0.0005051403487971324, -0.0002177968745092137, -0.3572268955091804, -0.3515254110183428, -0.3734944192313026]",-3.137344926457739,-0.3137344926457739,10,0.0043585529841406,"[-6.526846330484242, -1.5071737284250475, -7.619720658392282e-05, -0.24400885306307482, -1.0966056800932318, -1.3914298167081656, -0.00026268504804865525, -0.016411302965504367, -4.945060215810996e-06, -0.0003435000349438078, -1.865642269958913e-05]",-10.78318169551176,-0.9802892450465236,11,0.0827757537912656,7.64583676905402,0.6665547524007497,1.2136372909046056,-0.0205364227294921,-0.0018484605834281,-0.0140236821025609,14315_headwear_scope,14315,supported,natural,False
L14H26Q260S259,14,26,260,259,0.58984375,14.743328094482422,1.5968900918960571,0.6770676970481873,sequence_margin,0.6770676970481873,signed_gradient,1.0,cut,0.3162078857421875,-1.2426487344697994,-1.558856620211987,2107,"[2107, 568]",0.375,0.0570278167724609,same_prefix_fp32_head_float64_log_softmax,0.0033792631215417,"[-1.2426487344697994, -1.1386513548370516, -0.0065860622452447075, -0.0901013454753773, -0.16723785491562604, -0.0018580414738936025, -0.00018467978676287456, -0.8018343692657569, -0.4104491414694569, -0.5532579283364822]",-4.412809512275452,-0.4412809512275452,10,0.0647752635808533,"[-1.558856620211987, -7.505367547883109e-05, -0.24179235435837557, -1.0938969856769627, -0.9039527216306709, -0.00024013890088911627, -0.015812602555156825, -4.599285805681456e-06, -0.0003209430776730361, -1.9671697991990343e-05]",-3.814971691070992,-0.3814971691070992,10,-0.0155012256769591,-0.5978378212044597,-0.0597837821204459,-0.9140457069466472,0.0486660003662109,0.4677780836244998,0.6770676970481873,14315_headwear_scope,14315,supported,parallel_singular,False
L31H14Q469S469,31,14,469,469,0.9921875,151.31887817382812,13.267374992370604,-1.5078893899917605,sequence_margin,1.5078893899917605,signed_gradient,1.0,cut,1.2859611511230469,-1.301218141265445,-2.587179292388492,2107,"[2107, 568]",1.25,0.0520706176757812,same_prefix_fp32_head_float64_log_softmax,0.1882230227991028,"[-1.301218141265445, -1.1670120546653477, -0.006689954381586762, -0.08962583865051955, -0.1617868472093231, -0.0018766402529076197, -0.00017312046492669008, -0.8217456077143297, -0.41520973045341053, -0.5760374924733686]",-4.541375427531165,-0.4541375427531164,10,-0.0115599488233626,"[-2.587179292388492, -7.991174745279683e-05, -0.24045295960947569, -1.0724729809681826, -1.416388024135908, -0.00025815907723917935, -0.015227816886957488, -4.707999232067685e-06, -0.00032143500957532536, -1.7667143337439322e-05]",-5.332402954965852,-0.5332402954965852,10,0.0200867796922623,0.7910275274346876,0.0791027527434687,-0.4949336236883592,-0.9210872650146484,-0.9210872650146475,-1.5078893899917605,14315_headwear_scope,14315,supported,parallel_singular,False
L13H1Q469S393,13,1,469,393,0.369140625,15.62028980255127,0.954111874103546,0.6542611718177795,sequence_margin,0.6542611718177795,signed_gradient,1.0,cut,-0.2210578918457031,-1.4602185603948212,-1.239160668549118,568,"[2107, 568]",-0.125,0.0620651245117187,same_prefix_fp32_head_float64_log_softmax,0.0279473262733843,"[-1.4602185603948212, -1.2921509408619634, -0.006933835577307033, -0.08989136043246902, -0.1603781248207558, -0.0018788710292709618, -0.00018477438556355712, -0.8313329893477479, -0.4035754776844907, -0.5651132283168312]",-4.811658162851221,-0.4811658162851221,10,-0.070118254254947,"[-1.239160668549118, -8.56826469913766e-05, -0.24259380285092244, -1.111214942535797, -1.4209292684969268, -0.0002706689897864172, -0.015412402370091572, -4.903637388564608e-06, -0.00035093255789723837, -1.8820256818507744e-05]",-4.030042092891739,-0.4030042092891738,10,-0.0379031358467438,-0.7816160699594823,-0.0781616069959482,-0.5605581781137792,0.5859317779541016,0.6515563323795224,0.6542611718177795,14315_headwear_scope,14315,supported,parallel_singular,False
L13H18Q469S381,13,18,469,381,0.2099609375,18.03382682800293,0.5754442811012268,0.6459168791770935,sequence_margin,0.6459168791770935,signed_gradient,1.0,cut,-0.3810234069824219,-1.620753564173747,-1.239730157191325,568,"[2107, 568]",-0.375,0.0612850189208984,same_prefix_fp32_head_float64_log_softmax,0.0478816926027857,"[-1.620753564173747, -1.1690877524973917, -0.006825278502808549, -0.08482939954314293, -0.16864413082032834, -0.0017959844984637412, -0.00016824643289783538, -0.8273734616371072, -0.41682155651416014, -0.5519046377739676]",-4.848204012394015,-0.4848204012394014,10,0.0374509162962819,"[-1.239730157191325, -7.342716719650995e-05, -0.23938555208850015, -1.0555966475365444, -1.3529167802177928, -0.00026952767239444674, -0.01571788879673956, -4.630518286921137e-06, -0.00033947832523930325, -1.7891123245337203e-05]",-3.904051980637265,-0.3904051980637265,10,-0.0128039054810618,-0.9441520317567496,-0.0944152031756749,-0.5631286247743277,0.7458972930908203,0.8140922941767896,0.6459168791770935,14315_headwear_scope,14315,supported,parallel_singular,False
L12H12Q469S469,12,12,469,469,0.80078125,15.204804420471191,1.8235775232315063,-1.1694411039352417,sequence_margin,1.1694411039352417,signed_gradient,1.0,cut,0.8117923736572263,-1.265515148061959,-2.077307521719185,2107,"[2107, 568]",0.75,0.062042236328125,same_prefix_fp32_head_float64_log_softmax,0.0529152148274785,"[-1.265515148061959, -1.0799384937589505, -0.007058510152587376, -0.09298981668901002, -0.16687617848433153, -0.0018226803033228605, -0.00017485154023821122, -0.8085694543389174, -0.4212958582212292, -0.5704664859566783]",-4.414707477507225,-0.4414707477507225,10,-0.0194353147806156,"[-2.0773075217191854, -8.297364850593345e-05, -0.24011132732764265, -1.0279751911832977, -1.437778687032584, -0.0002760255371773963, -0.017395941111408873, -5.073408691548327e-06, -0.00036095335204736924, -1.7853860821812608e-05]",-4.801311548181363,-0.4801311548181363,10,0.0212751344381341,0.3866040706741378,0.0386604070674138,-0.4251883029830885,-0.4469184875488279,-0.5166638082540977,-1.1694411039352417,14315_headwear_scope,14315,supported,parallel_singular,False
L16H1Q469S381,16,1,469,381,0.341796875,21.54654312133789,0.9971359372138976,0.6109142303466797,sequence_margin,0.6109142303466797,signed_gradient,1.0,cut,-0.2993621826171875,-1.6324385686742686,-1.3330763860570811,568,"[2107, 568]",-0.375,0.0569419860839843,same_prefix_fp32_head_float64_log_softmax,0.0409563986420916,"[-1.6324385686742686, -1.1312216450472539, -0.006638489260263616, -0.08857704783003101, -0.15671346875763592, -0.0018760390389838196, -0.0001878880993495628, -0.7996417793288877, -0.4116373225999697, -0.5389198455601045]",-4.767852094196748,-0.4767852094196748,10,-0.0219410941701121,"[-1.3330763860570811, -8.201592790097537e-05, -0.2383679306707642, -1.050915529057637, -1.4172280104036765, -0.0002465802231908934, -0.015438003288959239, -4.858019201503293e-06, -0.0003273072181818616, -1.6639849666568275e-05]",-4.05570326071626,-0.4055703260716259,10,0.0490885689158253,-0.7121488334804882,-0.0712148833480488,-0.4127866508633007,0.6642360687255859,0.5820890959005283,0.6109142303466797,14315_headwear_scope,14315,supported,parallel_singular,False
L16H30Q469S469,16,30,469,469,0.7109375,13.83199977874756,1.8468680381774905,-0.8492611646652222,sequence_margin,0.8492611646652222,signed_gradient,1.0,cut,1.4163074493408203,-0.7142897392135712,-2.1305971885543915,2107,"[2107, 568]",1.5,0.0447444915771484,same_prefix_fp32_head_float64_log_softmax,0.1205386528421784,"[-0.7142897392135712, -1.1177194588131452, -0.0073070583842250675, -0.09269782830056693, -0.16531589490778928, -0.0017695412513882279, -0.00017916684522133872, -0.7990378829372884, -0.41622239445585557, -0.5604742701247307]",-3.875013235233781,-0.3875013235233781,10,0.0027415681503663,"[-2.1305971885543915, -5.6448596070343304e-05, -0.23069087356098825, -1.0626416581463984, -1.3941939657285944, -0.00025357455746638285, -0.015528136786477843, -4.718422544669594e-06, -0.0003168058607550996, -1.8232889246197003e-05]",-4.834301603102933,-0.4834301603102933,10,-0.0489990782119384,0.9592883678691516,0.0959288367869151,-0.4570190814716688,-1.051433563232422,-1.0893481054491114,-0.8492611646652222,14315_headwear_scope,14315,supported,parallel_singular,False
L13H6Q469S381,13,6,469,381,0.4140625,15.54218292236328,0.9070441126823424,0.6092284917831421,sequence_margin,0.6092284917831421,signed_gradient,1.0,cut,-0.3494415283203125,-1.5422891021987108,-1.1928475738783983,568,"[2107, 568]",-0.25,0.0613842010498046,same_prefix_fp32_head_float64_log_softmax,0.0464485966216657,"[-1.5422891021987108, -1.2050797918368301, -0.007176344132387186, -0.0874004907865885, -0.16077075116286682, -0.0017789207694680511, -0.00017250575863140486, -0.8204105615738149, -0.41849025126763884, -0.5413173522190631]",-4.784886071706,-0.4784886071705999,10,0.006657098755691,"[-1.1928475738783983, -7.772038420042852e-05, -0.24349158730785375, -1.0828390913126786, -1.3880222230139885, -0.000256959430820885, -0.015621776919407169, -4.9216914522661426e-06, -0.00035351465015358654, -1.873054894681903e-05]",-3.9235340991379006,-0.3923534099137901,10,-0.0234084377433323,-0.8613519725680989,-0.0861351972568098,-0.5119104442477864,0.7143154144287109,0.731292234988139,0.6092284917831421,14315_headwear_scope,14315,supported,parallel_singular,False
L25H14Q261S261,25,14,261,261,0.01495361328125,82.2341079711914,0.1076096817851066,0.0034685099963098,sequence_margin,0.0034685099963098,unselected_candidate_control,1.0,cut,0.3493499755859375,-1.1813947723972031,-1.5307447479831406,2107,"[2107, 568]",0.375,0.0569629669189453,same_prefix_fp32_head_float64_log_softmax,7.006376080512331e-05,"[-1.1813947723972031, -1.1613327725950437, -0.00667766418481565, -0.08600651066699946, -0.16793907970048283, -0.0018815896047192893, -0.00017438857018284144, -0.833431406398795, -0.41004067466843147, -0.5767235530922667]",-4.42560241187894,-0.442560241187894,10,-0.0188495823665018,"[-1.5307447479831406, -7.861567381735017e-05, -0.24299224837150218, -1.044499732002227, -1.4175179054385807, -0.00025124612312143324, -0.015279898740378816, -4.918795724423305e-06, -0.00031956735354429094, -1.690927257589106e-05]",-4.251705789754612,-0.4251705789754612,10,-0.0017349430842752,-0.1738966221243281,-0.0173896622124328,-0.5232465977102656,0.0155239105224609,0.0438368845443681,0.0034685099963098,14315_headwear_scope,14315,supported,parallel_singular,False
L28H17Q469S469,28,17,469,469,0.1533203125,14.234516143798828,0.4629741311073303,-0.0116941221058368,sequence_margin,0.0116941221058368,unselected_candidate_control,1.0,cut,0.3763313293457031,-1.1864308266148322,-1.5627621559605354,2107,"[2107, 568]",0.375,0.0585079193115234,same_prefix_fp32_head_float64_log_softmax,0.0001649594782767,"[-1.1864308266148322, -1.1634080238575872, -0.006784749222079541, -0.09051141854563521, -0.1672085387269987, -0.0018654405375419807, -0.00017257977491332696, -0.8288384026164493, -0.41589823700805784, -0.566323825186027]",-4.427442042090123,-0.4427442042090123,10,-0.0091132591067641,"[-1.5627621559605354, -7.821161945911917e-05, -0.24865053897292136, -1.0667747382700667, -1.4321140777189842, -0.00025460613536894077, -0.015390448575050116, -4.911314354589404e-06, -0.0003250361808223717, -1.7539965643875265e-05]",-4.326372264713205,-0.4326372264713205,10,0.0141850044430404,-0.1010697773769173,-0.0101069777376917,-0.4774011067226205,-0.0114574432373046,-0.0289899602030425,-0.0116941221058368,14315_headwear_scope,14315,supported,parallel_singular,False
L6H12Q468S459,6,12,468,459,0.20703125,12.77579116821289,0.4595516324043274,0.702196478843689,sequence_margin,0.702196478843689,signed_gradient,1.0,cut,-6.234861373901367,-8.470001242596343,-2.235139868694976,4459,"[19079, 264]",-6.1875,0.0388603210449218,same_prefix_fp32_head_float64_log_softmax,0.0266820599316562,"[-8.470001242596343, -0.13006033384039478, -0.06269548994399203, -0.020436447065296064, -0.023592506112285506, -0.0009120431523852118, -0.0002883118460609619, -0.4702387373082613, -0.6824895291371801, -1.2237760647109004]",-11.0844907057131,-1.10844907057131,10,-0.2715470288273458,"[-2.2351398686949753, -2.7162030811757685, -0.00012063005422174662, -0.014619480477765548, -0.18328391739952224, -0.3359140340380435, -0.00013851380222199862, -0.004048664661842468, -2.63792320913788e-05, -0.000329499265960071, -5.6236166257538175e-05]",-5.48988030496867,-0.4990800277244245,11,-0.0598482522724772,-5.594610400744431,-0.6093690428468856,0.6402509731569364,0.5170803070068359,0.897127096262567,0.702196478843689,14315_headwear_scope,14315,unsupported,natural,False
L31H14Q468S468,31,14,468,468,0.99609375,179.602783203125,13.80950927734375,-2.76139497756958,sequence_margin,2.76139497756958,signed_gradient,1.0,cut,-3.87747859954834,-6.006655372972118,-2.1291767734237785,4459,"[19079, 264]",-3.875,0.0311183929443359,same_prefix_fp32_head_float64_log_softmax,0.3245280282129624,"[-6.006655372972118, -0.11038839475659898, -0.0659433191439419, -0.020925107096268512, -0.02217217423798088, -0.0008770340498536112, -0.00028938807495046794, -0.4450859195291195, -0.6755145541449381, -1.174082143504604]",-8.521933407510375,-0.8521933407510375,10,-0.0969208024094783,"[-2.1291767734237785, -2.952438062647847, -0.0001168430984273656, -0.0184036824098388, -0.2088559302169934, -0.3508800933666445, -0.0001336764665048758, -0.0043447332418162215, -2.6682008347405056e-05, -0.00032302204166652425, -5.307145283894682e-05]",-5.664752570374703,-0.5149775063977002,11,0.019518614957013,-2.8571808371356715,-0.3372158343533372,1.0202977624126683,-1.840302467346192,-1.8403024673461923,-2.76139497756958,14315_headwear_scope,14315,unsupported,natural,False
L14H26Q256S255,14,26,256,255,0.455078125,15.534586906433104,1.1680428981781006,0.6952248215675354,sequence_margin,0.6952248215675354,signed_gradient,1.0,cut,-5.68704891204834,-7.760053124625152,-2.0730042125768127,4459,"[19079, 264]",-5.6875,0.051462173461914,same_prefix_fp32_head_float64_log_softmax,0.00054930775474,"[-7.760053124625152, -0.1098039572211822, -0.06805877069077018, -0.02038142226593816, -0.022025209728908472, -0.0008874540667025586, -0.00028977395002801844, -0.45546046433576104, -0.6747586964663145, -1.1349856660541415]",-10.2467045394049,-1.02467045394049,10,-0.1715752267994847,"[-2.0730042125768127, -3.762383045405814, -0.00012186985010736284, -0.018385452560805763, -0.20048818806304228, -0.38737696948407163, -0.00012999496120352015, -0.004845101579547255, -2.763745203375889e-05, -0.0003396066210160809, -5.338507232299997e-05]",-6.4471554636267765,-0.5861050421478887,11,-0.0180003742209091,-3.799549075778124,-0.4385654117926013,1.887499836270216,-0.0307321548461914,-0.8979342287037397,0.6952248215675354,14315_headwear_scope,14315,unsupported,natural,True
L21H7Q468S467,21,7,468,467,0.490234375,20.580665588378903,1.9036967754364007,-0.8282033205032349,sequence_margin,0.8282033205032349,signed_gradient,1.0,cut,-4.914224624633789,-6.802534519242806,-1.8883098946090164,4459,"[19079, 264]",-4.9375,0.0588150024414062,same_prefix_fp32_head_float64_log_softmax,0.1522218966443624,"[-6.802534519242806, -0.1088255204952046, -0.06558666239742826, -0.01956305990176668, -0.021305608660623747, -0.0008403064985496757, -0.00027569388394232367, -0.4447799688016493, -0.6850372816748432, -1.1567572732671019]",-9.305505894823916,-0.9305505894823916,10,-0.207905569555999,"[-1.8883098946090164, -2.8931734986965103, -0.00010268997102788636, -0.01731081888662383, -0.19897225186191744, -0.3538691296518173, -0.0001327312979173735, -0.00453693677790846, -2.621927359713791e-05, -0.0003080888008267871, -5.00274621561789e-05]",-5.356792287289318,-0.4869811170263016,11,-0.0286853315378654,-3.9487136075345983,-0.44356947245609,0.9655110170991908,-0.8035564422607422,-0.7487696969472655,-0.8282033205032349,14315_headwear_scope,14315,unsupported,natural,False
L12H12Q468S468,12,12,468,468,0.7578125,10.878983497619627,1.4496090412139893,0.625698447227478,sequence_margin,0.625698447227478,signed_gradient,1.0,cut,-6.694714546203613,-8.628595608466911,-1.9338810622632985,4459,"[19079, 264]",-6.6875,0.0588417053222656,same_prefix_fp32_head_float64_log_softmax,0.2092063273550595,"[-8.628595608466911, -0.10798610288085311, -0.06677029252986967, -0.018390275447865374, -0.021350010243783784, -0.0008496657828502417, -0.0002970792316152301, -0.44672579813721747, -0.7046205443048028, -1.1966807869372447]",-11.192266163963014,-1.1192266163963014,10,-0.0280038648885589,"[-1.9338810622632985, -3.15911308430207, -0.00010006344157780349, -0.01864847048191368, -0.20746894783900344, -0.3746789020539208, -0.00014436614650014244, -0.004793010023668369, -2.9295577612447086e-05, -0.0003592320968135628, -5.0882904353482385e-05]",-5.699267317130732,-0.5181152106482484,11,-0.019399632602842,-5.492998846832282,-0.601111405748053,1.2017156993713316,0.976933479309082,0.7955155423504179,0.625698447227478,14315_headwear_scope,14315,unsupported,natural,False
L12H25Q468S459,12,25,468,459,0.298828125,8.088483810424805,0.5541351437568665,0.6004549264907837,sequence_margin,0.6004549264907837,signed_gradient,1.0,cut,-6.4832868576049805,-8.782881687616138,-2.299594830011157,4459,"[19079, 264]",-6.4375,0.0417556762695312,same_prefix_fp32_head_float64_log_softmax,0.0248612981066266,"[-8.782881687616138, -0.11762826010571971, -0.07144895149328807, -0.01964247377597957, -0.021301713346405914, -0.0009692510006303399, -0.00030606348303692613, -0.4578628571411986, -0.696669334346507, -1.1906798023987202]",-11.359390394707624,-1.1359390394707625,10,-0.2426996568666162,"[-2.2995948300111575, -3.1879107403224998, -0.00013333836176483927, -0.018124797774036295, -0.2073591338028043, -0.3459015068870649, -0.00013488310662437952, -0.004733440888697172, -2.7675910754127776e-05, -0.00035769686415654717, -6.067739405546861e-05]",-6.064338721323617,-0.5513035201203288,11,-0.0790056071148566,-5.295051673384007,-0.5846355193504337,1.1882351842209733,0.7655057907104492,0.5975683689021434,0.6004549264907837,14315_headwear_scope,14315,unsupported,natural,False
L8H11Q467S170,8,11,467,170,0.92578125,9.533661842346191,1.5799176692962646,-0.6838194727897644,sequence_margin,0.6838194727897644,signed_gradient,1.0,cut,-5.104676246643066,-7.08180846930389,-1.9771322226608232,4459,"[19079, 264]",-5.125,0.05535888671875,same_prefix_fp32_head_float64_log_softmax,0.0048120087561598,"[-7.08180846930389, -0.09297697864126313, -0.06923136228035584, -0.019164165044405577, -0.020523515489292037, -0.0007445124509568082, -0.0002975531041881039, -0.4314764006644974, -0.6721359343595131, -1.1678119239061]",-9.556170815244462,-0.9556170815244462,10,0.0487838794869235,"[-1.9771322226608232, -2.8434199359784627, -0.00013232444699954444, -0.01787487521950745, -0.18457328140586893, -0.3547395561738598, -0.000134521751113215, -0.004226868064822582, -2.8576603039825533e-05, -0.00030664294982319225, -4.72778142709131e-05]",-5.382616083068592,-0.4893287348244174,11,0.0524949909057439,-4.17355473217587,-0.4662883467000288,0.931121514467196,-0.6131048202514648,-0.5239285723059934,-0.6838194727897644,14315_headwear_scope,14315,unsupported,natural,False
L26H31Q468S381,26,31,468,381,0.08642578125,48.73399353027344,0.4386935830116272,0.5857037305831909,sequence_margin,0.5857037305831909,signed_gradient,1.0,cut,-6.301605224609375,-8.342976180451393,-2.0413709558420177,4459,"[19079, 264]",-6.25,0.05926513671875,same_prefix_fp32_head_float64_log_softmax,0.0002170892034338,"[-8.342976180451393, -0.11175293149631467, -0.06420225419567005, -0.020794843516000087, -0.021758658672554863, -0.0008989865344682386, -0.00029327696743352937, -0.4455034028386173, -0.6748364039696604, -1.1846480770200354]",-10.867665015662148,-1.086766501566215,10,-0.1113217787270688,"[-2.0413709558420177, -2.933154651225936, -0.00011519088907974083, -0.018201466115891247, -0.20589088490106744, -0.35787005685805057, -0.00013428710668259513, -0.004495253407293664, -2.7014091995379697e-05, -0.00033680748331252, -5.207743800079701e-05]",-5.561648645359327,-0.5056044223053934,11,0.0030836729197929,-5.306016370302821,-0.5811620792608213,0.995588854306554,0.5838241577148438,0.6085330658209571,0.5857037305831909,14315_headwear_scope,14315,unsupported,natural,False
L26H19Q468S0,26,19,468,0,0.466796875,0.0120397126302123,0.0363737344741821,-0.0048472918570041,sequence_margin,0.0048472918570041,unselected_candidate_control,1.0,cut,-5.683005332946777,-7.710387428778393,-2.027382095831616,4459,"[19079, 264]",-5.75,0.0375289916992187,same_prefix_fp32_head_float64_log_softmax,7.176943761684745e-05,"[-7.710387428778393, -0.11092056089306154, -0.06581924259411984, -0.02055695334803822, -0.0221121792180974, -0.0008857048414970893, -0.00028904047746834623, -0.4550776673064977, -0.6851442687717224, -1.1752934482265611]",-10.246486494455455,-1.0246486494455458,10,-0.1662220535481893,"[-2.0273820958316158, -2.979046818545016, -0.00011257385823566975, -0.01819164566114306, -0.20646845253610416, -0.3525436069694604, -0.00012824593173985628, -0.004423471637842813, -2.5353126937084202e-05, -0.00032706826120346003, -5.100499834753505e-05]",-5.588700337357645,-0.5080636670325132,11,-0.0163037870995865,-4.657786157097812,-0.5165849824130326,1.0252191758489655,-0.0347757339477539,-0.0396971473840519,-0.0048472918570041,14315_headwear_scope,14315,unsupported,natural,False
L18H26Q155S154,18,26,155,154,0.2080078125,9.473833084106444,0.4200593829154968,0.0158281233161687,sequence_margin,0.0158281233161687,unselected_candidate_control,1.0,cut,-5.741005897521973,-7.782997838105039,-2.041991940583066,4459,"[19079, 264]",-5.75,0.0616683959960937,same_prefix_fp32_head_float64_log_softmax,0.0002528316497424,"[-7.782997838105039, -0.11115808899906422, -0.0685986653148199, -0.02061739099325583, -0.021655186153891535, -0.0008086792045411491, -0.00029622005069957836, -0.45030039854263104, -0.6668993584287134, -1.1639741721911387]",-10.287305997983797,-1.0287305997983796,10,-0.1339597455243106,"[-2.041991940583066, -2.922253368256139, -0.00011288268789076192, -0.01816068181889795, -0.20384050864961203, -0.374097525464471, -0.0001383738433940819, -0.004501904681508012, -2.5600048845941674e-05, -0.0003176393218519722, -5.249968478230992e-05]",-5.565492925040459,-0.5059539022764054,11,-0.0267967856346365,-4.721813072943336,-0.5227766975219742,1.0191928245786368,0.0232248306274414,0.024329768461472,0.0158281233161687,14315_headwear_scope,14315,unsupported,natural,False
L14H26Q256S255,14,26,256,255,0.466796875,15.48147678375244,1.196141004562378,0.6838559508323669,sequence_margin,0.6838559508323669,signed_gradient,1.0,cut,0.5189838409423828,-3.2794225160989483,-3.798406357041331,62494,"[2107, 568]",0.5,0.0401535034179687,same_prefix_fp32_head_float64_log_softmax,0.0159585822724735,"[-3.2794225160989483, -0.14891298132844658, -0.0016372021758892586, -0.02220733380068683, -0.02985343104796103, -0.0015173035838723895, -0.00018473431762680917, -0.36516425112333706, -0.7919821947917625, -2.2019530116730057]",-6.842834959941536,-0.6842834959941536,10,-0.0224846076760063,"[-3.798406357041331, -0.00012186985010736284, -0.018385452560805763, -0.20048818806304228, -0.38737696948407163, -0.00012999496120352015, -0.004845101579547255, -2.763745203375889e-05, -0.0003396066210160809, -5.338507232299997e-05]",-4.410174562685481,-0.4410174562685481,10,0.036023311635517,-2.432660397256055,-0.2432660397256055,-2.951644238198438,-0.9143180847167968,-0.9622938739850349,0.6838559508323669,14315_headwear_scope,14315,unsupported,parallel_singular,True
L31H14Q469S469,31,14,469,469,0.9921875,159.73703002929688,13.620868682861328,-1.9064929485321045,sequence_margin,1.9064929485321045,signed_gradient,1.0,cut,0.993821144104004,-3.6017951856166164,-4.59561632972062,62494,"[2107, 568]",1.0,0.0312137603759765,same_prefix_fp32_head_float64_log_softmax,0.601995081895116,"[-3.6017951856166164, -0.14527697707120674, -0.0016975815976037598, -0.020882686614209587, -0.029821396388126042, -0.0015834303053424317, -0.00017811979030427959, -0.38289633599693634, -0.766737653406292, -2.233683580599733]",-7.18455294738637,-0.718455294738637,10,0.0435896201544099,"[-4.59561632972062, -0.0001168430984273656, -0.0184036824098388, -0.2088559302169934, -0.3508800933666445, -0.0001336764665048758, -0.0043447332418162215, -2.6682008347405056e-05, -0.00032302204166652425, -5.307145283894682e-05]",-5.178754064023698,-0.5178754064023698,10,0.0197115226202297,-2.0057988833626723,-0.2005798883362671,-2.999620027466676,-1.389155387878418,-1.3891553878784175,-1.9064929485321045,14315_headwear_scope,14315,unsupported,parallel_singular,False
L31H21Q469S381,31,21,469,381,0.0908203125,107.96715545654295,1.0350341796875,0.6144649386405945,sequence_margin,0.6144649386405945,signed_gradient,1.0,cut,-1.1079730987548828,-4.060812833429984,-2.952839734675101,62494,"[2107, 568]",-1.125,0.0568351745605468,same_prefix_fp32_head_float64_log_softmax,0.0082246839421315,"[-4.060812833429984, -0.14527697707120674, -0.0016975815976037598, -0.020882686614209587, -0.029821396388126042, -0.0015834303053424317, -0.00017811979030427959, -0.38289633599693634, -0.766737653406292, -2.233683580599733]",-7.643570595199738,-0.7643570595199738,10,0.0710294395054051,"[-2.952839734675101, -0.0001168430984273656, -0.0184036824098388, -0.2088559302169934, -0.3508800933666445, -0.0001336764665048758, -0.0043447332418162215, -2.6682008347405056e-05, -0.00032302204166652425, -5.307145283894682e-05]",-3.53597746897818,-0.3535977468978179,10,0.0028131156528661,-4.107593126221559,-0.4107593126221558,-2.999620027466676,0.7126388549804688,0.7126388549804692,0.6144649386405945,14315_headwear_scope,14315,unsupported,parallel_singular,False
L16H30Q469S469,16,30,469,469,0.8671875,14.043021202087402,2.202242374420166,-0.9313342571258544,sequence_margin,0.9313342571258544,signed_gradient,1.0,cut,0.4256477355957031,-3.725057280308315,-4.150705015904018,6913,"[2107, 568]",0.375,0.0624103546142578,same_prefix_fp32_head_float64_log_softmax,0.1345118069453685,"[-3.725057280308315, -0.1472359306361754, -0.0017972088965553404, -0.0213960685914807, -0.030071385659431033, -0.0016969914580763578, -0.00018252922579349508, -0.38265000690536743, -0.7721043352337582, -2.300574938163278]",-7.382766675078232,-0.7382766675078232,10,0.0531534007383358,"[-4.150705015904018, -0.00015899059198493662, -0.020222360092889247, -0.21269453331313704, -0.37510275447165103, -0.0001349628701861949, -0.004871955048034775, -2.8878501241071842e-05, -0.00035321301918918606, -5.6663366253826905e-05]",-4.7643293271785865,-0.4764329327178586,10,-0.0830541798280704,-2.618437347899645,-0.2618437347899645,-3.0440850834953483,-0.8209819793701172,-0.7765169233414446,-0.9313342571258544,14315_headwear_scope,14315,unsupported,parallel_singular,False
L14H9Q469S468,14,9,469,468,0.51953125,10.930018424987791,1.3146554231643677,0.5546351671218872,sequence_margin,0.5546351671218872,signed_gradient,1.0,cut,-1.0472354888916016,-3.3743570814313872,-2.3271215925397857,62494,"[2107, 568]",-1.125,0.0494518280029296,same_prefix_fp32_head_float64_log_softmax,0.0331455521232575,"[-3.3743570814313872, -0.1391542811906908, -0.0017357819623663765, -0.02344665262779968, -0.028856867163140988, -0.001565847916652011, -0.0001840981745774652, -0.38545581721618233, -0.7834288522232784, -2.2711813067895594]",-7.009366586695634,-0.7009366586695635,10,0.0880193817380354,"[-2.3271215925397857, -0.0001193495474776548, -0.017935958344140083, -0.1935074204883629, -0.3524126398328013, -0.00012391218026679206, -0.0044602679444883525, -2.4860593096063976e-05, -0.0003028278644737587, -4.825483004030447e-05]",-2.8960570841649327,-0.2896057084164932,10,0.0161657440427229,-4.113309502530702,-0.4113309502530702,-3.0660740136391,0.6519012451171875,0.7183552312896118,0.5546351671218872,14315_headwear_scope,14315,unsupported,parallel_singular,False
L26H29Q469S256,26,29,469,256,0.08447265625,106.55160522460938,0.8607216477394104,-0.5245584845542908,sequence_margin,0.5245584845542908,signed_gradient,1.0,cut,0.2369918823242187,-3.283438774449615,-3.5204306567738337,62494,"[2107, 568]",0.25,0.0536766052246093,same_prefix_fp32_head_float64_log_softmax,0.0078388947397563,"[-3.283438774449615, -0.1451221714723737, -0.0016617874725774289, -0.02060311301639666, -0.029343482720355092, -0.001573157613190957, -0.0001759026174649816, -0.37027617106291505, -0.7725650505704817, -2.257649760554812]",-6.882409371550183,-0.6882409371550182,10,0.0350590583990237,"[-3.5204306567738337, -0.00012291254700980467, -0.018718840145053546, -0.20944675236107824, -0.36344626951562425, -0.0001338364913360163, -0.0045514420432617685, -2.676891589758356e-05, -0.0003151193240478431, -5.343631132950906e-05]",-4.117246034428472,-0.4117246034428472,10,0.0388985511968753,-2.7651633371217104,-0.276516333712171,-3.002155219445929,-0.6323261260986328,-0.6297909341193795,-0.5245584845542908,14315_headwear_scope,14315,unsupported,parallel_singular,False
L26H31Q469S381,26,31,469,381,0.16796875,48.57676696777344,0.851443350315094,0.4440720379352569,sequence_margin,0.4440720379352569,signed_gradient,1.0,cut,-0.8992748260498047,-3.8608216505285022,-2.961546824478697,62494,"[2107, 568]",-0.875,0.0575752258300781,same_prefix_fp32_head_float64_log_softmax,0.0048331011851329,"[-3.8608216505285022, -0.14963008513704776, -0.0016908054142923414, -0.021415066599020555, -0.029488704147204777, -0.0015902306173216983, -0.0001750639683022075, -0.3706063971012248, -0.777859400898031, -2.2499034048276965]",-7.463180809238644,-0.7463180809238643,10,0.0626005970756211,"[-2.9615468244786975, -0.00011469959754033665, -0.018315547319172995, -0.20635241405045374, -0.3598770957288441, -0.00013256304189006088, -0.00454371523004441, -2.604096108172197e-05, -0.00032525726477515056, -5.3693404424670804e-05]",-3.551287851076925,-0.3551287851076924,10,0.0200571858207383,-3.911892958161719,-0.3911892958161718,-3.012618132111914,0.5039405822753906,0.5169386869206289,0.4440720379352569,14315_headwear_scope,14315,unsupported,parallel_singular,False
L18H20Q469S257,18,20,469,257,0.04833984375,27.970653533935547,0.207521304488182,-0.5191165804862976,sequence_margin,0.5191165804862976,signed_gradient,1.0,cut,0.1595211029052734,-3.301636503596751,-3.4611576065020246,62494,"[2107, 568]",0.25,0.0619754791259765,same_prefix_fp32_head_float64_log_softmax,0.0064782326699967,"[-3.301636503596751, -0.14692824692590972, -0.0017364695259471216, -0.02068873203770865, -0.02986626015135706, -0.0015084579017258252, -0.00017184822861393822, -0.3830723854069439, -0.7869933766994485, -2.2426017287722013]",-6.915204009246607,-0.6915204009246607,10,0.0808219709490933,"[-3.4611576065020246, -0.0001318916378494453, -0.018509372296190655, -0.2011195959367894, -0.35984121046802836, -0.0001408382470698702, -0.004458886911985563, -2.6661881774692472e-05, -0.00034243296714886207, -5.193836911171428e-05]",-4.0457804352179725,-0.4045780435217972,10,0.069177607545773,-2.8694235740286347,-0.2869423574028634,-3.028944676933908,-0.5548553466796875,-0.5255306972124552,-0.5191165804862976,14315_headwear_scope,14315,unsupported,parallel_singular,False
L27H15Q24S24,27,15,24,24,0.2060546875,25.759441375732425,0.9091255068778992,-0.0035298839211463,sequence_margin,0.0035298839211463,unselected_candidate_control,1.0,cut,-0.3793697357177734,-3.34635872201895,-2.9669889863011765,62494,"[2107, 568]",-0.375,0.0570049285888671,same_prefix_fp32_head_float64_log_softmax,0.0001361748957983,"[-3.34635872201895, -0.14710970591236291, -0.0017075242485370514, -0.020950014693151206, -0.029214966589066402, -0.0015891482147656788, -0.000180848681555167, -0.38170685395517967, -0.776046197535635, -2.2439616891407783]",-6.948825670989981,-0.6948825670989981,10,0.1062057396924172,"[-2.9669889863011765, -0.00011331943251974592, -0.01836769473802638, -0.2081306091239638, -0.35819084712708826, -0.00013170419518977232, -0.004418238243166783, -2.6279939150199557e-05, -0.0003331222717673949, -5.460480583684794e-05]",-3.556755406177886,-0.3556755406177886,10,0.0096214196240578,-3.392070264812096,-0.3392070264812095,-3.012700529094322,-0.0159645080566406,-0.0028840064289945,-0.0035298839211463,14315_headwear_scope,14315,unsupported,parallel_singular,False
L0H21Q38S0,0,21,38,0,0.82421875,0.0030391530599445,0.0448614880442619,-0.0112368008121848,sequence_margin,0.0112368008121848,unselected_candidate_control,1.0,cut,-0.3959274291992187,-3.3634543817415548,-2.967526952542336,4382,"[2107, 568]",-0.375,0.0442981719970703,same_prefix_fp32_head_float64_log_softmax,0.0024288175796918,"[-3.3634543817415548, -0.1519549022585692, -0.0017282567729700903, -0.01964877920159845, -0.026630048890710904, -0.0016541502641526898, -0.00017562438789828496, -0.3712883253071251, -0.818456962572128, -2.1867051804209208]",-6.941696611817628,-0.6941696611817628,10,0.0237377476772131,"[-2.967526952542336, -0.00011468484975491685, -0.018313551551423904, -0.20631709788777397, -0.3385698117175197, -0.00015732774064024514, -0.004947100878172223, -2.1569587322276682e-05, -0.0002992545328468649, -4.800424628586516e-05]",-3.5363153555340765,-0.3536315355534076,10,0.10822184801901,-3.4053812562835515,-0.3405381256283551,-3.0094538270843327,0.0005931854248046,0.0104269850424616,-0.0112368008121848,14315_headwear_scope,14315,unsupported,parallel_singular,False
L12H12Q660S660,12,12,660,660,0.82421875,16.12004852294922,2.474445104598999,2.5771801471710205,sequence_margin,2.5771801471710205,signed_gradient,1.0,cut,2.421703338623047,-1.5181791650129688,-3.939882503636016,304,"[927, 369]",2.5,0.0610694885253906,same_prefix_fp32_head_float64_log_softmax,0.0728266528078899,"[-1.5181791650129688, -0.0010693371845678912, -0.0005201096279922619]",-1.519768611825529,-0.5065895372751763,3,-0.0343911964411991,"[-3.9398825036360154, -0.67307123098795, -1.4077677752617055, -0.05927475382280296, -0.0001632270479766362, -0.00287673882489684, -0.010012671370764784]",-6.093048900952112,-0.8704355572788731,7,-0.1072240548322636,4.573280289126583,0.3638460200036968,2.151576950503536,1.6312847137451172,1.504505956415816,2.5771801471710205,14375_onion_stage,14375,supported,natural,False
L8H11Q657S98,8,11,657,98,0.90234375,9.27425479888916,1.6500370502471924,-1.0346981287002563,sequence_margin,1.0346981287002563,signed_gradient,1.0,cut,4.319881439208984,-0.9913189175686876,-5.311200356777672,304,"[927, 369]",4.25,0.0620403289794921,same_prefix_fp32_head_float64_log_softmax,0.0188944493218784,"[-0.9913189175686875, -0.0008766227023235754, -0.0004835554228955436]",-0.9926790956939068,-0.3308930318979688,3,0.0069679549437003,"[-5.311200356777672, -0.7277337954545479, -1.0218584499934722, -0.05480830961266093, -0.00015602778091538427, -0.0023332907749874323, -0.008995260599839093]",-7.127085490994095,-1.0181550701420137,7,-0.1462943534573533,6.134406395300188,0.6872620382440449,1.814524956091204,-0.2668933868408203,-0.0566201497577898,-1.0346981287002563,14375_onion_stage,14375,supported,natural,False
L31H14Q660S660,31,14,660,660,0.99609375,100.28523254394533,10.922513961791992,1.021632194519043,sequence_margin,1.021632194519043,signed_gradient,1.0,cut,2.7540225982666016,-1.51980669537819,-4.273829293644791,304,"[927, 369]",2.75,0.0563526153564453,same_prefix_fp32_head_float64_log_softmax,0.1506222567069711,"[-1.51980669537819, -0.0007072633966852174, -0.00032916320409284554]",-1.520843121978968,-0.5069477073263227,3,0.0300894146579473,"[-4.273829293644791, -0.6856900971543147, -1.2706081593800025, -0.05698859141037643, -0.00015904510255899127, -0.002575953011714564, -0.009812773716046216]",-6.2996639134198045,-0.8999519876314006,7,-0.1464858423798034,4.778820791440836,0.3930042803050779,2.0247981931742345,1.2989654541015625,1.2989654541015625,1.021632194519043,14375_onion_stage,14375,supported,natural,False
L12H2Q660S657,12,2,660,657,0.1552734375,15.95592975616455,0.4716330468654632,0.8643752336502075,sequence_margin,0.8643752336502075,signed_gradient,1.0,cut,2.921085357666016,-1.4001589807495574,-4.321244338415573,304,"[927, 369]",2.875,0.0578765869140625,same_prefix_fp32_head_float64_log_softmax,0.0357988701126428,"[-1.4001589807495574, -0.0007640252951059581, -0.0003435735432252622]",-1.4012665795878887,-0.4670888598626295,3,-0.0301902911887212,"[-4.321244338415573, -0.644543985758157, -1.3809831461390576, -0.05936564348333705, -0.00016948156573635192, -0.002714503991036666, -0.009182062266024379]",-6.418203161618922,-0.9168861659455604,7,-0.1365710941384872,5.016936582031033,0.4497973060829307,2.095851224365018,1.1319026947021484,1.0608496635113651,0.8643752336502075,14375_onion_stage,14375,supported,natural,False
L10H31Q660S102,10,31,660,102,0.404296875,8.257274627685547,0.7188104391098022,-0.6784135103225708,sequence_margin,0.6784135103225708,signed_gradient,1.0,cut,4.919891357421875,-0.8043728560414243,-5.724264213463299,927,"[927, 369]",4.875,0.0598468780517578,same_prefix_fp32_head_float64_log_softmax,0.023257236047339,"[-0.8043728560414243, -0.0006375682379505557, -0.0002492283274875665]",-0.8052596526068624,-0.2684198842022874,3,0.0036251752989958,"[-5.724264213463299, -0.7059634667724147, -1.251373480337391, -0.05471644827654658, -0.000154206301494976, -0.0024271962150986706, -0.00955206463593153]",-7.748451076002177,-1.1069215822860252,7,-0.1580898574435414,6.943191423395315,0.8385016980837378,2.02330006597344,-0.8669033050537109,-0.8654051778529164,-0.6784135103225708,14375_onion_stage,14375,supported,natural,False
L5H8Q660S394,5,8,660,394,0.35546875,3.170374155044556,0.4465158879756927,0.7420997023582458,sequence_margin,0.7420997023582458,signed_gradient,1.0,cut,4.020536422729492,-1.0459059066000354,-5.066442329329528,304,"[927, 369]",4.0,0.0621662139892578,same_prefix_fp32_head_float64_log_softmax,0.0013289721487837,"[-1.0459059066000354, -0.0006762052274270909, -0.00028159576924416976]",-1.0468637075967069,-0.3489545691989022,3,0.0197185629761058,"[-5.0664423293295275, -0.6557988922552149, -0.6198661823818941, -0.05605503440106797, -0.0001584474851561768, -0.0022936644390204003, -0.009420285896731247]",-6.410034836188613,-0.915719262312659,7,-0.2137505703719773,5.363171128591906,0.5667646931137568,1.3426347058624142,0.0324516296386718,0.7146151169504922,0.7420997023582458,14375_onion_stage,14375,supported,natural,False
L1H26Q41S40,1,26,41,40,0.34375,2.0641303062438965,0.3393003344535827,-0.6726965308189392,sequence_margin,0.6726965308189392,signed_gradient,1.0,cut,4.179958343505859,-0.9956061150271536,-5.175564458533013,927,"[927, 369]",4.125,0.0619430541992187,same_prefix_fp32_head_float64_log_softmax,0.0011011233697961,"[-0.9956061150271535, -0.000746557583320089, -0.00044636610398547313]",-0.9967990387144592,-0.332266346238153,3,-0.0610889264732729,"[-5.175564458533013, -0.779443338141608, -2.036320103302754, -0.053841175739301424, -0.0001540811723949004, -0.002434933423090051, -0.009894250080411416]",-8.057652340392572,-1.1510931914846532,7,0.0221860292738913,7.0608533016781125,0.8188268452465002,2.880894958172253,-0.1269702911376953,-0.983067056135714,-0.6726965308189392,14375_onion_stage,14375,supported,natural,False
L23H18Q660S604,23,18,660,604,0.306640625,20.98992729187012,1.1769638061523438,0.7242900729179382,sequence_margin,0.7242900729179382,signed_gradient,1.0,cut,3.27584457397461,-1.505628829005765,-4.781473402980375,304,"[927, 369]",3.25,0.0616569519042968,same_prefix_fp32_head_float64_log_softmax,0.0509964207037522,"[-1.5056288290057647, -0.0006974772645853383, -0.00034877479845799866]",-1.506675081068808,-0.502225027022936,3,0.0496865595588049,"[-4.7814734029803745, -0.6836588996041276, -1.2853615163486847, -0.055507664842717026, -0.00015465502064292245, -0.0026218539829414213, -0.008841772857744281]",-6.817619765637233,-0.9739456808053192,7,-0.1101244205113376,5.310944684568425,0.471720653782383,2.035100110593816,0.7771434783935542,0.7668415609739734,0.7242900729179382,14375_onion_stage,14375,supported,natural,False
L30H18Q660S600,30,18,660,600,0.05322265625,19.148143768310547,0.2077046930789947,0.00273675378412,sequence_margin,0.00273675378412,unselected_candidate_control,1.0,cut,4.064979553222656,-1.041665261899785,-5.106644815122442,304,"[927, 369]",4.0,0.0616378784179687,same_prefix_fp32_head_float64_log_softmax,2.022824195608305e-05,"[-1.041665261899785, -0.0007235222032004631, -0.00033221498902132214]",-1.0427209990920068,-0.3475736663640023,3,0.0399851436412981,"[-5.106644815122442, -0.681180995948395, -1.2692097078978914, -0.056709167821896334, -0.00015644977728092148, -0.0025985986544995055, -0.00958627351866166]",-7.1260860087410665,-1.0180122869630095,7,-0.1776019372618167,6.08336500964906,0.6704386205990072,2.018385456426404,-0.0119915008544921,-0.0055787641066613,0.00273675378412,14375_onion_stage,14375,supported,natural,False
L26H22Q660S653,26,22,660,653,0.0255126953125,4.805119514465332,0.0418712943792343,-0.0117877162992954,sequence_margin,0.0117877162992954,unselected_candidate_control,1.0,cut,4.093471527099609,-1.0228331543074864,-5.116304681407096,304,"[927, 369]",4.0,0.0565986633300781,same_prefix_fp32_head_float64_log_softmax,8.256661647626219e-05,"[-1.0228331543074864, -0.0007418985759743637, -0.00034769958884273486]",-1.0239227524723036,-0.3413075841574345,3,0.0214625439658773,"[-5.116304681407096, -0.703442908455132, -1.2661147043227767, -0.05747457514566642, -0.00016127184993026852, -0.002655699404986912, -0.009589025719106978]",-7.155742866304696,-1.0222489809006707,7,-0.2146979850654675,6.131820113832392,0.6809413967432363,2.0383485867327824,-0.0404834747314453,-0.0540338682899932,-0.0117877162992954,14375_onion_stage,14375,supported,natural,False
L12H12Q660S660,12,12,660,660,0.87109375,11.004066467285156,1.7302460670471191,0.5331191420555115,sequence_margin,0.5331191420555115,signed_gradient,1.0,cut,-1.6040954589843748,-2.6854786064003653,-1.0813831474159905,389,"[927, 369]",-1.625,0.0604934692382812,same_prefix_fp32_head_float64_log_softmax,0.0203608455347758,"[-2.6854786064003653, -0.007926209143555903, -4.116313434374048e-05]",-2.6934459786782647,-0.8978153262260883,3,-0.0077783194462615,"[-1.0813831474159905, -0.9277455084286682, -0.16226478273790626, -0.024341240519296956, -0.00012599785684105092, -0.0037445128020009797, -0.007471392680561731]",-2.2070765824412657,-0.3152966546344665,7,0.0003108287797091,-0.486369396236999,-0.5825186715916217,1.1177260627473755,0.5239791870117185,0.5609503034395309,0.5331191420555115,14375_onion_stage,14375,unsupported,natural,False
L16H30Q660S660,16,30,660,660,0.609375,14.555801391601562,1.6178584098815918,-0.3406039476394653,sequence_margin,0.3406039476394653,signed_gradient,1.0,cut,-0.7193565368652344,-1.8392748201405416,-1.1199182832753072,389,"[927, 369]",-0.75,0.0621757507324218,same_prefix_fp32_head_float64_log_softmax,0.0341801307239573,"[-1.8392748201405416, -0.005977746753668202, -3.5346734611912333e-05]",-1.8452879136288216,-0.6150959712096072,3,-0.044448842793286,"[-1.1199182832753072, -0.9209060263785539, -0.15998817658121542, -0.028412550716411123, -0.00012735829197085022, -0.004233214864929231, -0.008047380150696717]",-2.241632990259084,-0.3202332843227262,7,-0.0253753425014024,0.3963450766302621,-0.294862686886881,1.1157016134954965,-0.3607597351074219,-0.3217641694277302,-0.3406039476394653,14375_onion_stage,14375,unsupported,natural,False
L31H25Q660S660,31,25,660,660,0.462890625,56.2828369140625,3.1432487964630127,0.2959419190883636,sequence_margin,0.2959419190883636,signed_gradient,1.0,cut,-1.2886333465576172,-2.3739145687755525,-1.085281222217935,389,"[927, 369]",-1.25,0.05731201171875,same_prefix_fp32_head_float64_log_softmax,0.0037931548167272,"[-2.3739145687755525, -0.005750813901261736, -3.695401485816266e-05]",-2.3797023366916727,-0.7932341122305576,3,0.0181271376081806,"[-1.0852812222179353, -0.9595142546387565, -0.16039456968608412, -0.02757454643187314, -0.00013542332540399771, -0.004472123365234504, -0.00839402964395681]",-2.245766169309244,-0.3208237384727491,7,-0.0187916241106553,-0.133936167382429,-0.4724103737578085,1.154697179175188,0.2085170745849609,0.2085170745849609,0.2959419190883636,14375_onion_stage,14375,unsupported,natural,False
L12H17Q660S657,12,17,660,657,0.54296875,10.976348876953123,1.3660129308700562,-0.3369107246398926,sequence_margin,0.3369107246398926,signed_gradient,1.0,cut,-0.5677566528320312,-1.868710291652628,-1.3009536388205962,389,"[927, 369]",-0.5,0.062356948852539,same_prefix_fp32_head_float64_log_softmax,0.0183807042682554,"[-1.8687102916526275, -0.005791240144272629, -4.049173837700308e-05]",-1.874542023535277,-0.6248473411784257,3,-0.0004132135863188,"[-1.3009536388205962, -0.886888419942362, -0.1504432495368052, -0.027261702717011133, -0.00013513966282616233, -0.0036873872403840368, -0.00819466289347825]",-2.3775642008134628,-0.3396520286876375,7,-0.0328557006967298,0.5030221772781858,-0.2851953124907881,1.070778830110217,-0.512359619140625,-0.4284412700756539,-0.3369107246398926,14375_onion_stage,14375,unsupported,natural,False
L15H21Q660S95,15,21,660,95,0.1767578125,20.92858123779297,0.5649445056915283,0.2827436029911041,sequence_margin,0.2827436029911041,signed_gradient,1.0,cut,-1.3576507568359375,-2.4143800895416265,-1.056729332705689,389,"[927, 369]",-1.375,0.0624561309814453,same_prefix_fp32_head_float64_log_softmax,0.0039197828106536,"[-2.4143800895416265, -0.005861399898727976, -3.9290484695553724e-05]",-2.42028077992505,-0.8067602599750167,3,0.0117756396251387,"[-1.056729332705689, -0.9580537443721014, -0.16051214462482488, -0.02660315629921586, -0.0001339151519856774, -0.004077603139392207, -0.00842954551277039]",-2.21453944180598,-0.3163627774008542,7,0.0076210379134518,-0.2057413381190702,-0.4903974825741624,1.1519094187168673,0.2775344848632812,0.2803222453216021,0.2827436029911041,14375_onion_stage,14375,unsupported,natural,False
L8H11Q657S361,8,11,657,361,0.38671875,8.746931076049805,0.6353288888931274,-0.3008918762207031,sequence_margin,0.3008918762207031,signed_gradient,1.0,cut,-0.868370056152344,-2.065946804309295,-1.197576748156951,389,"[927, 369]",-0.875,0.0608692169189453,same_prefix_fp32_head_float64_log_softmax,0.0027551683840306,"[-2.065946804309295, -0.006054417662372774, -3.770935812188921e-05]",-2.07203893132979,-0.6906796437765966,3,-0.0539907376717154,"[-1.197576748156951, -0.9816924269811023, -0.23226691576438793, -0.025473933211596897, -0.0001315287499331498, -0.0037170331352066126, -0.008278971340270428]",-2.449137557339448,-0.3498767939056354,7,-0.0267838239386379,0.377098626009658,-0.3408028498709612,1.245468682162002,-0.2117462158203122,-0.3025177188071262,-0.3008918762207031,14375_onion_stage,14375,unsupported,natural,False
L4H26Q626S621,4,26,626,621,0.248046875,6.440378189086914,0.4148846268653869,0.2589018046855926,sequence_margin,0.2589018046855926,signed_gradient,1.0,cut,-1.0216636657714844,-2.190669689555864,-1.1690060237843798,389,"[927, 369]",-1.0,0.0613975524902343,same_prefix_fp32_head_float64_log_softmax,0.0044418752396803,"[-2.190669689555864, -0.004258448028967952, -2.4390091854650434e-05]",-2.1949525276766866,-0.7316508425588956,3,0.0281291313369345,"[-1.1690060237843798, -0.9132381224010996, -0.1381982744291185, -0.029976985585675887, -0.0001360990974916951, -0.002750072629574216, -0.00817736358736351]",-2.2614829415147035,-0.3230689916449576,7,-0.0246449039203642,0.0665304138380169,-0.4085818509139379,1.088194079609501,-0.0584526062011718,0.0080504933645149,0.2589018046855926,14375_onion_stage,14375,unsupported,natural,False
L16H26Q660S95,16,26,660,95,0.4765625,11.090049743652344,1.162746787071228,0.2541587352752685,sequence_margin,0.2541587352752685,signed_gradient,1.0,cut,-1.3054885864257812,-2.376969738103345,-1.0714811516775642,389,"[927, 369]",-1.25,0.0600509643554687,same_prefix_fp32_head_float64_log_softmax,0.0029390985531391,"[-2.3769697381033454, -0.005881191460742245, -3.7885618006052394e-05]",-2.3828888151820937,-0.7942962717273646,3,0.0055814012386705,"[-1.0714811516775642, -0.9270052107661365, -0.16793245935947756, -0.0268971052626885, -0.00012910655633223677, -0.003894384535855249, -0.008740100208187888]",-2.206079518366242,-0.3151542169094631,7,0.0021644252059169,-0.1768092968158519,-0.4791420548179015,1.1286792896099294,0.225372314453125,0.2513902040183837,0.2541587352752685,14375_onion_stage,14375,unsupported,natural,False
L27H21Q660S98,27,21,660,98,0.00689697265625,53.42110824584961,0.0453363880515098,-0.0019199894741177,sequence_margin,0.0019199894741177,unselected_candidate_control,1.0,cut,-1.0604209899902344,-2.1850621127224343,-1.1246411227322,389,"[927, 369]",-1.125,0.0622692108154296,same_prefix_fp32_head_float64_log_softmax,8.868493472449302e-05,"[-2.1850621127224343, -0.005713202004007288, -4.0617787808020555e-05]",-2.1908159325142496,-0.7302719775047498,3,-0.0156058471308679,"[-1.1246411227322, -0.9371340941132901, -0.1610064522512408, -0.027668393804072034, -0.00012983379914897398, -0.004283331276617159, -0.008651180608025775]",-2.263514408584595,-0.3233592012263707,7,-0.0213885719959092,0.0726984760703453,-0.4069127762783791,1.1331194660605797,-0.0196952819824218,0.0018824311321865,-0.0019199894741177,14375_onion_stage,14375,unsupported,natural,False
L17H14Q656S0,17,14,656,0,0.69921875,0.378757506608963,0.1725314557552337,-0.0075400215573608,sequence_margin,0.0075400215573608,unselected_candidate_control,1.0,cut,-1.0652580261230469,-2.199596471008588,-1.134338444885541,389,"[927, 369]",-1.125,0.0621337890625,same_prefix_fp32_head_float64_log_softmax,8.220655399085767e-05,"[-2.199596471008588, -0.005750906817974248, -3.580549752988438e-05]",-2.205383183324092,-0.7351277277746974,3,0.0290898280918856,"[-1.134338444885541, -0.9603504646304866, -0.1632332804917944, -0.026284071936501927, -0.0001321587053329643, -0.0044345370179073714, -0.008195723721609977]",-2.296968681389174,-0.3281383830555963,7,-0.0164969575026494,0.0915854980650818,-0.4069893447191011,1.1568435241881287,-0.0148582458496093,-0.01700459086255,-0.0075400215573608,14375_onion_stage,14375,unsupported,natural,False
