id,source_id,onset,length,answer_first,run_onset,clean_before,before_available,before_alarm,before_mean,onset_score,onset_alarm,first4_available,first4_alarm,first4_sustained,first_alarm_offset,span_alarm
12045,14323,91,15,True,True,True,True,False,-2.848091742025822,-1.3103959799500178,False,True,True,False,2,True
12045,14323,126,53,False,True,True,True,True,0.723683885755178,-0.1542498139870518,False,True,True,False,3,True
12219,14353,218,13,True,True,True,True,False,-3.2583680228694227,-3.378915541604838,False,True,False,False,-1,False
12261,14360,19,52,True,True,True,True,False,-3.730895527785634,-3.1394260569959744,False,True,False,False,22,True
12261,14360,241,30,False,True,True,True,False,-4.099058954035695,0.3148461243037975,True,True,True,False,0,True
12297,14366,59,49,True,True,True,True,False,-4.003924078992348,-4.076558486573994,False,True,False,False,-1,False
12345,14375,286,45,True,True,True,True,True,-2.007207278887985,-4.35741375944622,False,True,False,False,12,True
12435,14390,31,13,True,True,True,True,False,-3.2684265773308776,-5.569248309547898,False,True,False,False,-1,False
12459,14394,50,10,True,True,True,True,False,-3.496448465090619,-1.8663851588533675,False,True,False,False,5,True
12459,14394,81,4,False,True,True,True,False,-3.4789687264028206,-1.8744919287572064,False,True,True,False,1,True
12471,14396,27,11,True,True,True,True,False,-4.393780831250645,-3.8871678794244495,False,True,False,False,-1,False
12471,14396,78,13,False,True,True,True,False,-3.126290303425264,-1.7847468418202186,False,True,False,False,-1,False
12693,14433,111,8,True,True,True,True,False,-2.9421442165960845,-1.6687142674388695,False,True,True,False,2,True
12765,14445,175,11,True,True,True,True,False,-2.211914839754411,-1.1799088551771677,False,True,True,True,1,True
12903,14468,302,88,True,True,True,True,False,-3.01556564713565,-4.77753546568646,False,True,False,False,23,True
13107,15103,260,11,True,True,True,True,False,-1.9548783437694626,1.795355478948557,True,True,True,False,0,True
13137,15108,172,70,True,True,True,True,False,-3.564002771006981,-1.3601724354314286,False,True,True,False,3,True
13137,15108,277,43,False,True,True,True,False,-2.7899314775383326,-2.2551444803372807,False,True,True,False,2,True
13137,15108,379,6,False,True,True,True,False,-4.2099945831646375,-1.0864365313966076,False,True,True,False,2,True
13155,15111,15,37,True,True,True,True,False,-4.785657407240915,-3.8746793396539694,False,True,False,False,4,True
13155,15111,123,4,False,True,True,True,False,-3.282336770427508,-1.2913420040139112,False,True,False,False,-1,False
13155,15111,132,33,False,True,False,True,False,-2.84196390662981,-0.8452926422637959,False,True,False,False,5,True
13155,15111,165,34,False,False,False,True,True,0.14029928042223438,-0.033288641235408,False,True,False,False,4,True
13161,15112,179,32,True,True,True,True,False,-3.4662969613644767,2.954796119674236,True,True,True,False,0,True
13161,15112,239,39,False,True,True,True,True,1.496340766909277,2.9075776702560514,True,True,True,True,0,True
13161,15112,280,30,False,True,False,True,True,0.5101138041172864,2.4998008566829584,True,True,True,False,0,True
13161,15112,327,5,False,True,True,True,True,-2.038647573836582,3.2520356763570337,True,True,True,False,0,True
13263,15130,93,17,True,True,True,True,False,-1.3256683075029878,-1.5064834710790131,False,True,False,False,8,True
13293,15135,59,9,True,True,True,True,False,-3.7483381071115476,-3.3690277836551803,False,True,True,False,3,True
13917,15239,25,10,True,True,True,True,True,-3.0738363714504153,-2.7170030946671595,False,True,False,False,-1,False
13917,15239,95,23,False,True,True,True,False,-2.8575256948815833,-4.620328120386369,False,True,False,False,-1,False
14007,15254,129,5,True,True,True,True,False,-4.326786807827106,-2.484815604410593,False,True,True,False,1,True
14097,15269,59,13,True,True,True,True,False,-4.39898084869068,-0.2741796757348783,False,True,True,False,1,True
14133,15275,25,20,True,True,True,True,False,-2.480567925355458,-2.351892985744249,False,True,True,True,1,True
14133,15275,45,23,False,False,False,True,False,-1.647652384357087,-1.6558383986443594,False,True,False,False,4,True
14133,15275,126,12,False,True,True,True,True,-1.4776841504010103,-1.7714424705809892,False,True,True,False,3,True
14133,15275,145,12,False,True,False,True,True,-2.0324581324235043,-1.8847443851040415,False,True,False,False,5,True
14283,15300,147,19,True,True,True,True,False,-3.1428785468018168,-1.178691281408133,False,True,False,False,6,True
14283,15300,218,17,False,True,True,True,False,-1.8448323853096036,-1.356008215410649,False,True,False,False,6,True
14295,15302,151,16,True,True,True,True,False,-3.2558096384957365,-2.5673439794746096,False,True,True,False,3,True
14397,15320,91,6,True,True,True,True,False,-4.702128508508457,-2.650730889386596,False,True,False,False,-1,False
14469,15332,77,27,True,True,True,True,False,-3.1713787547235475,-1.4121869016517374,False,True,False,False,9,True
14511,15339,63,15,True,True,True,True,False,-3.18443843143249,-2.2086917844584395,False,True,False,False,6,True
14715,15373,47,36,True,True,True,True,True,-3.3952105080293866,-2.4465098518531927,False,True,True,False,1,True
14715,15373,95,18,False,True,True,True,False,-2.809520209130011,-2.40652021181356,False,True,True,False,2,True
14715,15373,125,4,False,True,True,True,True,-2.744459577645236,-2.181919502161658,False,True,True,False,1,True
14715,15373,138,10,False,True,True,True,False,-2.274797888478048,0.0541203445398084,False,True,True,False,1,True
14715,15373,161,12,False,True,True,True,True,-2.1137236253950955,-1.4090549640577903,False,True,True,False,1,True
14715,15373,294,28,False,True,True,True,False,-1.534457042749798,-1.664940293402777,False,True,False,False,6,True
14763,15381,67,40,True,True,True,True,False,-4.584451887891053,-2.337035530301316,False,True,False,False,8,True
14859,15397,35,26,True,True,True,True,False,-4.413735695264239,-4.600142589486837,False,True,False,False,13,True
14859,15397,61,14,False,False,False,True,True,1.526295850563301,-2.481091338005116,False,True,False,False,-1,False
15129,15442,16,49,True,True,True,True,False,-4.752208555009288,-5.190367883256361,False,True,False,False,27,True
15195,15453,171,13,True,True,True,True,False,-2.2512777665990216,0.8265514599992063,True,True,True,False,0,True
15195,15453,211,13,False,True,True,True,False,-3.657995268656095,-4.161936127062939,False,True,False,False,7,True
15201,15454,73,29,True,True,True,True,False,-3.3608813444828316,-3.352593062224188,False,True,False,False,6,True
15201,15454,102,14,False,False,False,True,False,-4.569836908871143,-1.5438803863332198,False,True,False,False,-1,False
15201,15454,117,20,False,True,False,True,False,-2.717370481123072,-0.1874754998898908,False,True,False,False,6,True
15273,15466,138,29,True,True,True,True,False,-3.2942181601716496,-0.7393696511841965,False,True,False,False,5,True
15345,15478,168,33,True,True,True,True,False,-3.1163821243287986,-1.9620696267379985,False,True,True,True,1,True
15465,15498,52,10,True,True,True,True,True,-1.5774875494984202,-2.091181743746221,False,True,False,False,4,True
15465,15498,70,27,False,True,True,True,False,-2.1837316026379296,0.3852187403937653,True,True,True,True,0,True
15465,15498,191,32,False,True,True,True,True,-1.391925949448252,-1.9273790717716808,False,True,False,False,17,True
15555,15513,186,30,True,True,True,True,False,-2.51003831800762,-0.4388785679736224,False,True,True,False,2,True
15555,15513,216,29,False,False,False,True,True,0.08097282393112334,-0.382007200394352,False,True,True,False,1,True
15651,15529,124,34,True,True,True,True,False,-4.156386482073723,-3.3344841899934385,False,True,True,False,3,True
15687,15535,140,4,True,True,True,True,False,-1.7537072352977823,0.8166405442083567,True,True,True,False,0,True
15735,15543,67,38,True,True,True,True,False,-3.587155511595856,-0.7645884263257634,False,True,False,False,9,True
15753,15546,100,23,True,True,True,True,False,-2.5256376848783697,-2.224796568920569,False,True,True,False,2,True
15777,15550,118,67,True,True,True,True,False,-3.7945808384966,0.5176689692813489,True,True,True,True,0,True
15927,15576,58,26,True,True,True,True,False,-3.2672002390591484,-3.392954643858619,False,True,False,False,6,True
16155,12183,57,44,True,True,True,True,False,-4.4586556386501845,-2.9507445973383994,False,True,False,False,16,True
16359,12218,77,46,True,True,True,True,False,-4.250769443064849,-1.287558204511282,False,True,True,False,2,True
16419,12228,0,261,True,True,True,False,,,-4.764322531649072,False,True,False,False,50,True
16467,12236,109,9,True,True,True,True,True,-2.5604950328678147,-2.0840121229104334,False,True,False,False,6,True
16509,12243,99,10,True,True,True,True,False,-2.739581065426001,-2.588991322332998,False,True,False,False,9,True
16509,12243,137,111,False,True,True,True,False,-1.6190176669308072,-3.398204406886645,False,True,False,False,4,True
16797,12291,66,13,True,True,True,True,True,-1.1351303417343892,1.632278558625611,True,True,True,True,0,True
16851,12300,73,27,True,True,True,True,False,-3.9705173019618094,-3.101637330842824,False,True,True,False,2,True
16851,12300,128,8,False,True,True,True,True,-0.7557225470530944,2.5536060035411903,True,True,True,True,0,True
16881,12305,77,21,True,True,True,True,False,-3.501235735619592,-1.5874048088506694,False,True,False,False,7,True
17199,12358,6,16,True,True,True,False,,,-4.410695923330235,False,True,False,False,-1,False
17199,12358,117,28,False,True,True,True,False,-3.3891296632726298,-2.708204893114136,False,True,False,False,-1,False
17283,12372,21,2,True,True,True,True,False,-5.201467170654775,-4.223578771132706,False,False,,,-1,False
