model,region,pairs,auc_delta_mean,auc_delta_low,auc_delta_high,auc_delta_sources,gap_delta_mean,gap_delta_low,gap_delta_high,gap_delta_sources
raw_mean,all,50,-0.08575402693081077,-0.12089897707284446,-0.04965555455158788,40,-2.2956334992358025,-2.778984437570045,-1.7893925645916826,40
raw_mean,back,50,-0.10916832552479634,-0.15765994700403538,-0.05752072847457746,40,-2.407850145746739,-3.019487431514702,-1.7839298660823284,40
raw_mean,front,50,-0.05545427126643371,-0.10392812617154895,-0.01103709542617553,40,-2.205876332643703,-2.757088728685085,-1.6313956109467178,40
diagonal,all,50,-0.05511717642363958,-0.08421153744768495,-0.025744006565514777,40,14.765430702034692,11.033484560227055,18.259012578295494,40
diagonal,back,50,-0.038361424905487454,-0.07825802608256593,0.007535199732971504,40,15.461169467555766,10.682280582641495,20.304141093696558,40
diagonal,front,50,-0.06168316421046828,-0.09684429590123644,-0.027504441691371152,40,14.124430634562334,9.783655663181992,18.441639699804877,40
layer_block,all,50,-0.005252517685679279,-0.02824545310377491,0.019143939067527507,40,9.497888158886335,7.217199220264404,11.70005872526394,40
layer_block,back,50,-0.008363426102585184,-0.03928065015818548,0.023180119581374024,40,9.662199317259175,6.927139056512325,12.60461537538482,40
layer_block,front,50,0.0009697421863653965,-0.03161048365870609,0.033750789447837645,40,9.414585923671758,6.9640695078179515,11.884320294628782,40
full,all,50,0.0,0.0,0.0,40,0.0,0.0,0.0,40
full,back,50,0.0,0.0,0.0,40,0.0,0.0,0.0,40
full,front,50,0.0,0.0,0.0,40,0.0,0.0,0.0,40
layer_mean,all,50,-0.11672287346257808,-0.15186748145928988,-0.07973675623346235,40,-1.843025357523419,-2.2526219394839653,-1.415997396318199,40
layer_mean,back,50,-0.11553588632132579,-0.16260729612179137,-0.067131122189753,40,-1.9662241246585714,-2.474949196211379,-1.4587400490664566,40
layer_mean,front,50,-0.12343335825941111,-0.1818306512495067,-0.06556306742677882,40,-1.7439026337381818,-2.210212788386706,-1.2770977028188546,40
head_contrast,all,50,0.004962193425392951,-0.004655254515907242,0.015619485867480725,40,-0.04873925104685719,-0.10568750931165859,-0.000910786307599988,40
head_contrast,back,50,0.005578217566567864,-0.009347407664557552,0.022917101035143047,40,-0.024634383609685135,-0.079126585330475,0.029790427557486763,40
head_contrast,front,50,0.005094961202396726,-0.012437385856771569,0.02373196059681862,40,-0.07436334182924134,-0.1582571619514352,-0.005395147480313646,40
unordered_heads,all,50,-0.03860716961569153,-0.07167991382022883,-0.005014506129599479,40,-1.0152436840132506,-1.2953262060104738,-0.7276425076899149,40
unordered_heads,back,50,-0.034076067663296225,-0.08075719474816515,0.01748002384339071,40,-1.1231251786146188,-1.505095382366653,-0.7597854346215247,40
unordered_heads,front,50,-0.058721536953880125,-0.11271857289691078,-0.006076184295205285,40,-0.9242387071762355,-1.281643897081675,-0.5779707300385812,40
matched_support,all,50,-0.0074965630292224885,-0.016935990339977548,0.0016469837227476687,40,0.09420318760050492,0.029570467806047447,0.15792794746367012,40
matched_support,back,50,-0.0033373863502359075,-0.014164008711805903,0.006593720016044907,40,0.11721434253448296,0.03917008518423174,0.2091431636423849,40
matched_support,front,50,-0.01829624387221348,-0.03468002518830359,-0.00349004829308199,40,0.07099820129454233,-0.041581755082584,0.18681134235028235,40
balanced_context,all,50,-0.07697438908650997,-0.11046811105134882,-0.045975070864126354,40,-0.6860537711404392,-0.9047483925259474,-0.46709949631118153,40
balanced_context,back,50,-0.09843771044612175,-0.13476048845992725,-0.06588379114246301,40,-0.9103228580797638,-1.2095840839174086,-0.5987884487753657,40
balanced_context,front,50,-0.05813375954829163,-0.10388187776079881,-0.015714180581681888,40,-0.4467364604963208,-0.7064718850950256,-0.17064054166875778,40
part_direct,all,50,-0.05511717642363958,-0.08421153744768495,-0.025744006565514777,40,14.765430702034688,11.033484560227052,18.259012578295497,40
part_direct,back,50,-0.038361424905487454,-0.07825802608256593,0.007535199732971504,40,15.461169467555763,10.682280582641495,20.304141093696558,40
part_direct,front,50,-0.06168316421046828,-0.09684429590123644,-0.027504441691371152,40,14.124430634562335,9.783655663181998,18.441639699804877,40
part_same_layer,all,50,-0.4024985844978618,-0.5048015517144356,-0.2854029128682215,40,-3.4992265191323186,-4.306858772165691,-2.5656039806834237,40
part_same_layer,back,50,-0.37699511897769433,-0.4871622931979123,-0.25105093311997445,40,-3.4526639667257983,-4.423251874707119,-2.4452870120463146,40
part_same_layer,front,50,-0.44249604774307744,-0.5563634361529545,-0.3116018742403798,40,-3.576775135915612,-4.622771260423726,-2.473982924762585,40
part_cross_layer,all,50,-0.5066365434955713,-0.6240121510123143,-0.3777941411799151,40,-15.924550444351894,-19.610148656978417,-12.13345790798195,40
part_cross_layer,back,50,-0.49237151448712135,-0.6226338619816928,-0.3537926406892699,40,-16.88157731244173,-21.934937764394622,-11.873552994093545,40
part_cross_layer,front,50,-0.5338013062821652,-0.6634212485213644,-0.38746605350414465,40,-15.037807174231997,-19.369639779041375,-10.571897588270254,40
part_layer_common,all,50,-0.30546563987065756,-0.3685698720745671,-0.2389885229181178,40,-5.010580638835014,-13.026722526916378,3.5778946579077924,40
part_layer_common,back,50,-0.2712393419301997,-0.3531593975808548,-0.18805485421317408,40,1.984101271439758,-8.15972434741387,11.843939956590729,40
part_layer_common,front,50,-0.3454136981208328,-0.42356359777822106,-0.2616109017812118,40,-12.97147423269171,-26.39528480360045,2.054246762988888,40
part_head_contrast,all,50,-0.2550832357277431,-0.3256700420869477,-0.17084304269029998,40,2.681407508110255,-6.092232308032661,10.828941097504707,40
part_head_contrast,back,50,-0.271072529143617,-0.36387141197591427,-0.17114099361076954,40,-4.420637177245628,-14.371730485690613,5.799209006594756,40
part_head_contrast,front,50,-0.25495907595368683,-0.3358190514351331,-0.17165899233046797,40,10.726398394899059,-4.404708948633829,24.3205241083303,40
history_mean,all,50,-0.006467512139967305,-0.05989865226329029,0.04059167434167484,40,-0.8453674857884039,-1.2077332539252712,-0.510062670709926,40
history_mean,back,50,0.06698314240686995,0.01021217757445103,0.12453446230504933,40,-0.4331780189168269,-0.92946348501888,0.015367066715460275,40
history_mean,front,50,-0.09657627191950616,-0.19518136460194596,-0.012367938751320477,40,-1.3318061653830244,-1.8463010888059601,-0.8069461848471927,40
current_increment,all,50,-0.17046054890128112,-0.22952316419868068,-0.10401312950085075,40,-1.4838056449363564,-1.881729815999557,-1.0811755152620628,40
current_increment,back,50,-0.2277933495965346,-0.31083964446331525,-0.1373263478770335,40,-2.0033578868890554,-2.546339634588602,-1.451059121190475,40
current_increment,front,50,-0.11726967520411122,-0.17369044202718847,-0.06208517575812501,40,-0.9132696724096114,-1.2569608492064983,-0.5581506107472858,40
prompt_only,all,50,0.044263753348746056,0.01022974817246644,0.07931519216014501,40,0.5484892163851204,0.2383518814647618,0.8777981122737162,40
prompt_only,back,50,0.06283665351738395,-0.003491891456603455,0.12795134741693445,40,0.7379209203485404,0.2929054109500965,1.1743426449925796,40
prompt_only,front,50,0.0173759083368595,-0.0160840863893065,0.05530736319955294,40,0.3322734723389952,0.016746309405596183,0.6647770393435833,40
prompt_predicted_full,all,50,0.0166285302099854,-0.012072377527861281,0.045050956994232554,40,-0.4267498533201203,-0.5966775726232357,-0.2553711188170654,40
prompt_predicted_full,back,50,0.03397015426981599,-0.007856868002255313,0.07115812240238453,40,-0.36461187667884637,-0.6088272423243025,-0.15603642558307526,40
prompt_predicted_full,front,50,-0.007673206504761024,-0.04505597865162153,0.028351977590303938,40,-0.5030939779213554,-0.7629267041465149,-0.24251494300028195,40
full_unexplained_by_prompt,all,50,-0.21270632211117557,-0.2770809394419739,-0.1443750858637699,40,-1.9024232774046397,-2.3516734231073824,-1.4473582851657933,40
full_unexplained_by_prompt,back,50,-0.2040946046049063,-0.28188248600699306,-0.12581119739755273,40,-2.071924029127036,-2.6066966934452593,-1.533702028872924,40
full_unexplained_by_prompt,front,50,-0.228357925566934,-0.3139764613757004,-0.14121989172602545,40,-1.7419818598712808,-2.229830363371875,-1.2392410878103572,40
self_after_prompt_regression,all,50,-0.22687007228180325,-0.30297374635158336,-0.15955199074742912,40,-2.187364894951164,-2.6574542261192176,-1.6966246535496583,40
self_after_prompt_regression,back,50,-0.213264929450499,-0.2987450830117066,-0.1373247017915768,40,-2.316299956271143,-2.9161862468198407,-1.7182281815069402,40
self_after_prompt_regression,front,50,-0.24847871484051906,-0.33564598251680866,-0.16054093826297203,40,-2.0795688197164583,-2.624051295491241,-1.5212851987469551,40
self_plus_prompt,all,50,0.049949710183197785,0.016687895770942127,0.08197764939886518,40,0.874728937404246,0.5683684931730519,1.1982376539381219,40
self_plus_prompt,back,50,0.06607847092064285,0.02281353065581005,0.11247432537126044,40,1.043240040972314,0.6093803976308745,1.4672429269998974,40
self_plus_prompt,front,50,0.03699759221164768,0.0070311271025981165,0.07158779592914569,40,0.682504121197597,0.37416328689079803,0.9948045877562218,40
