case_id,source_id,side,event,selection,unit,layer,head,receiver,sources,capture_residual,source_group,entry_sham_error,state_sham_error,relay_sham_error,joint_sham_error,dose,relay_dose,full,removed,support,sham_error,numeric_ok,relay_status,without_relay,without_both,entry_conditional,relay_support,relay_conditional,interaction,restored_state,restored_state_blocked,restoration_identity_error,blocked_identity_error,restoration_gain,blocked_restoration_gain,gate_difference,restored_relay,relay_restoration_gain,delta_sequence_margin,delta_next_margin,delta_tail_margin,delta_mean_margin
14315_headwear_scope,14315,supported,0,lookback_target_flow,event_0_selected_edge,30,7,465,[0],True,selected_edge,0.0,0.0,0.0,0.0,0.25,1.0,7.643988308470591,7.618576998760403,0.0254113097101882,0.0,True,planned,7.544966396849496,7.546008105327787,-0.0010417084782909,0.0990219116210955,0.0725688934326163,0.0264530181884792,7.643988308470591,7.544966396849496,0.0,0.0,0.0254113097101882,-0.0010417084782909,0.0264530181884792,7.612631793071927,-0.0059452056884765,0.025411309710188235,0.020887374877929688,0.004523934832258547,0.002391093423055546
14315_headwear_scope,14315,supported,0,lookback_target_flow,event_0_selected_edge,30,7,465,[0],True,selected_edge,0.0,0.0,0.0,0.0,1.0,1.0,7.643988308470591,7.618654516277795,0.0253337921927965,0.0,True,planned,7.544966396849496,7.549644735394004,-0.0046783385445081,0.0990219116210955,0.0690097808837908,0.0300121307373046,7.643988308470591,7.544966396849496,0.0,0.0,0.0253337921927965,-0.0046783385445081,0.0300121307373046,7.638887670574667,0.0202331542968723,0.025333792192796523,0.023693084716796875,0.0016407074759996476,0.002304362231294377
14315_headwear_scope,14315,supported,0,lookback_target_flow,event_0_scope,30,7,465,"[249, 250, 251, 252, 253, 254]",True,scope,0.0,0.0,0.0,0.0,0.25,1.0,7.643988308470591,7.643988308470591,0.0,0.0,True,planned,7.544966396849496,7.544966396849496,0.0,0.0990219116210955,0.0990219116210955,0.0,7.643988308470591,7.544966396849496,0.0,0.0,0.0,0.0,0.0,7.643988308470591,0.0,0.0,0.0,0.0,0.0
14315_headwear_scope,14315,supported,0,lookback_target_flow,event_0_scope,30,7,465,"[249, 250, 251, 252, 253, 254]",True,scope,0.0,0.0,0.0,0.0,1.0,1.0,7.643988308470591,7.6303687371068545,0.013619571363737,0.0,True,planned,7.544966396849496,7.556062249069743,-0.0110958522202473,0.0990219116210955,0.0743064880371111,0.0247154235839843,7.643988308470591,7.544966396849496,0.0,0.0,0.013619571363737,-0.0110958522202473,0.0247154235839843,7.629107979660564,-0.0012607574462908,0.013619571363737037,0.01605224609375,-0.0024326747300129625,0.001304462013459795
14315_headwear_scope,14315,supported,0,lookback_target_flow,event_0_supported_value,30,7,465,"[376, 377, 378, 379, 380, 381, 382, 383, 384, 385, 386, 387, 388, 389, 390, 391, 392, 393]",True,supported_value,0.0,0.0,0.0,0.0,0.25,1.0,7.643988308470591,7.643463744627946,0.0005245638426449,0.0,True,planned,7.544966396849496,7.544441833006852,0.000524563842644,0.0990219116210955,0.0990219116210946,8.881784197001252e-16,7.643988308470591,7.544966396849496,0.0,0.0,0.0005245638426449,0.000524563842644,8.881784197001252e-16,7.643463744627946,0.0,0.0005245638426449872,0.0,0.0005245638426449872,0.00011573481828563992
14315_headwear_scope,14315,supported,0,lookback_target_flow,event_0_supported_value,30,7,465,"[376, 377, 378, 379, 380, 381, 382, 383, 384, 385, 386, 387, 388, 389, 390, 391, 392, 393]",True,supported_value,0.0,0.0,0.0,0.0,1.0,1.0,7.643988308470591,7.629266102486962,0.0147222059836291,0.0,True,planned,7.544966396849496,7.563517887765282,-0.0185514909157857,0.0990219116210955,0.0657482147216805,0.0332736968994149,7.643988308470591,7.544966396849496,0.0,0.0,0.0147222059836291,-0.0185514909157857,0.0332736968994149,7.622727711373681,-0.0065383911132812,0.014722205983629166,0.025150299072265625,-0.010428093088636459,0.0014093690418598426
14315_headwear_scope,14315,supported,0,lookback_target_flow,event_0_value_source,30,7,465,"[255, 256, 257, 258, 259, 260, 261, 262, 263, 264, 265, 266]",True,value_source,0.0,0.0,0.0,0.0,0.25,1.0,7.643988308470591,7.64004833934946,0.0039399691211317,0.0,True,planned,7.544966396849496,7.541026427728365,0.0039399691211308,0.0990219116210955,0.0990219116210946,8.881784197001252e-16,7.643988308470591,7.544966396849496,0.0,0.0,0.0039399691211317,0.0039399691211308,8.881784197001252e-16,7.64004833934946,0.0,0.003939969121131703,0.0,0.003939969121131703,0.00042622620723897775
14315_headwear_scope,14315,supported,0,lookback_target_flow,event_0_value_source,30,7,465,"[255, 256, 257, 258, 259, 260, 261, 262, 263, 264, 265, 266]",True,value_source,0.0,0.0,0.0,0.0,1.0,1.0,7.643988308470591,7.641442940082268,0.0025453683883238,0.0,True,planned,7.544966396849496,7.557330772723866,-0.0123643758743696,0.0990219116210955,0.0841121673584019,0.0149097442626935,7.643988308470591,7.544966396849496,0.0,0.0,0.0025453683883238,-0.0123643758743696,0.0149097442626935,7.6495033954045315,0.0080604553222638,0.0025453683883238654,0.012842178344726562,-0.010296809956402697,0.0003016780584559342
14315_headwear_scope,14315,supported,0,lookback_target_flow,event_0_scope_and_value,30,7,465,"[249, 250, 251, 252, 253, 254, 376, 377, 378, 379, 380, 381, 382, 383, 384, 385, 386, 387, 388, 389, 390, 391, 392, 393]",True,scope_and_value,0.0,0.0,0.0,0.0,0.25,1.0,7.643988308470591,7.606077470893882,0.0379108375767094,0.0,True,planned,7.544966396849496,7.548267641181967,-0.0033012443324711,0.0990219116210955,0.0578098297119149,0.0412120819091805,7.643988308470591,7.544966396849496,0.0,0.0,0.0379108375767094,-0.0033012443324711,0.0412120819091805,7.605034151191732,-0.0010433197021502,0.03791083757670943,0.036617279052734375,0.001293558523975058,0.0035375842419408388
14315_headwear_scope,14315,supported,0,lookback_target_flow,event_0_scope_and_value,30,7,465,"[249, 250, 251, 252, 253, 254, 376, 377, 378, 379, 380, 381, 382, 383, 384, 385, 386, 387, 388, 389, 390, 391, 392, 393]",True,scope_and_value,0.0,0.0,0.0,0.0,1.0,1.0,7.643988308470591,7.627045893986284,0.0169424144843075,0.0,True,planned,7.544966396849496,7.557273173649369,-0.012306776799873,0.0990219116210955,0.0697727203369149,0.0292491912841805,7.643988308470591,7.544966396849496,0.0,0.0,0.0169424144843075,-0.012306776799873,0.0292491912841805,7.631383204777299,0.0043373107910147,0.016942414484307555,0.019329071044921875,-0.0023866565606143197,0.00159327153014166
14315_headwear_scope,14315,supported,1,matched_low_flow,event_1_selected_edge,30,7,463,[24],True,selected_edge,0.0,0.0,0.0,0.0,0.25,1.0,7.643988308470591,7.632366372463548,0.0116219360070433,0.0,True,planned,7.631159481566293,7.623602105495776,0.0075573760705163,0.0128288269042986,0.0087642669677716,0.0040645599365269,7.643988308470591,7.631159481566293,0.0,0.0,0.0116219360070433,0.0075573760705163,0.0040645599365269,7.633793069240892,0.0014266967773437,0.01162193600704331,0.007076263427734375,0.004545672579308935,0.0010742475066864987
14315_headwear_scope,14315,supported,1,matched_low_flow,event_1_selected_edge,30,7,463,[24],True,selected_edge,0.0,0.0,0.0,0.0,1.0,1.0,7.643988308470591,7.646520005418051,-0.0025316969474591,0.0,True,planned,7.631159481566293,7.6510270702373875,-0.0198675886710946,0.0128288269042986,-0.0045070648193368,0.0173358917236354,7.643988308470591,7.631159481566293,0.0,0.0,-0.0025316969474591,-0.0198675886710946,0.0173358917236354,7.646834717942465,0.000314712524414,-0.002531696947459139,0.008150100708007812,-0.010681797655466951,-0.00018901649387381703
14315_headwear_scope,14315,supported,1,matched_low_flow,event_1_scope,30,7,463,"[249, 250, 251, 252, 253, 254]",True,scope,0.0,0.0,0.0,0.0,0.25,1.0,7.643988308470591,7.643988308470591,0.0,0.0,True,planned,7.631159481566293,7.631159481566293,0.0,0.0128288269042986,0.0128288269042986,0.0,7.643988308470591,7.631159481566293,0.0,0.0,0.0,0.0,0.0,7.643988308470591,0.0,0.0,0.0,0.0,0.0
14315_headwear_scope,14315,supported,1,matched_low_flow,event_1_scope,30,7,463,"[249, 250, 251, 252, 253, 254]",True,scope,0.0,0.0,0.0,0.0,1.0,1.0,7.643988308470591,7.622277879850698,0.0217104286198939,0.0,True,planned,7.631159481566293,7.635394716398547,-0.0042352348322545,0.0128288269042986,-0.0131168365478497,0.0259456634521484,7.643988308470591,7.631159481566293,0.0,0.0,0.0217104286198939,-0.0042352348322545,0.0259456634521484,7.622277879850698,0.0,0.021710428619893918,0.021404266357421875,0.0003061622624720428,0.001988634826937008
14315_headwear_scope,14315,supported,1,matched_low_flow,event_1_supported_value,30,7,463,"[376, 377, 378, 379, 380, 381, 382, 383, 384, 385, 386, 387, 388, 389, 390, 391, 392, 393]",True,supported_value,0.0,0.0,0.0,0.0,0.25,1.0,7.643988308470591,7.639650245453405,0.0043380630171867,0.0,True,planned,7.631159481566293,7.622661491180944,0.008497990385349,0.0128288269042986,0.0169887542724609,-0.0041599273681622,7.643988308470591,7.631159481566293,0.0,0.0,0.0043380630171867,0.008497990385349,-0.0041599273681622,7.639650245453405,0.0,0.004338063017186755,0.00679779052734375,-0.002459727510156995,0.0004182031228743277
14315_headwear_scope,14315,supported,1,matched_low_flow,event_1_supported_value,30,7,463,"[376, 377, 378, 379, 380, 381, 382, 383, 384, 385, 386, 387, 388, 389, 390, 391, 392, 393]",True,supported_value,0.0,0.0,0.0,0.0,1.0,1.0,7.643988308470591,7.623800401369383,0.0201879071012083,0.0,True,planned,7.631159481566293,7.626192216554931,0.0049672650113619,0.0128288269042986,-0.0023918151855477,0.0152206420898464,7.643988308470591,7.631159481566293,0.0,0.0,0.0201879071012083,0.0049672650113619,0.0152206420898464,7.623800401369383,0.0,0.020187907101208324,0.0155029296875,0.0046849774137083244,0.0018741055631399384
14315_headwear_scope,14315,supported,1,matched_low_flow,event_1_value_source,30,7,463,"[255, 256, 257, 258, 259, 260, 261, 262, 263, 264, 265, 266]",True,value_source,0.0,0.0,0.0,0.0,0.25,1.0,7.643988308470591,7.643988308470591,0.0,0.0,True,planned,7.631159481566293,7.631159481566293,0.0,0.0128288269042986,0.0128288269042986,0.0,7.643988308470591,7.631159481566293,0.0,0.0,0.0,0.0,0.0,7.643988308470591,0.0,0.0,0.0,0.0,0.0
14315_headwear_scope,14315,supported,1,matched_low_flow,event_1_value_source,30,7,463,"[255, 256, 257, 258, 259, 260, 261, 262, 263, 264, 265, 266]",True,value_source,0.0,0.0,0.0,0.0,1.0,1.0,7.643988308470591,7.6410144139513,0.0029738945192914,0.0,True,planned,7.631159481566293,7.64544327747669,-0.0142837959103969,0.0128288269042986,-0.0044288635253897,0.0172576904296883,7.643988308470591,7.631159481566293,0.0,0.0,0.0029738945192914,-0.0142837959103969,0.0172576904296883,7.639913873790166,-0.0011005401611337,0.00297389451929142,0.0078582763671875,-0.00488438184789608,0.00027253998404608293
14315_headwear_scope,14315,supported,1,matched_low_flow,event_1_scope_and_value,30,7,463,"[249, 250, 251, 252, 253, 254, 376, 377, 378, 379, 380, 381, 382, 383, 384, 385, 386, 387, 388, 389, 390, 391, 392, 393]",True,scope_and_value,0.0,0.0,0.0,0.0,0.25,1.0,7.643988308470591,7.6368597944036,0.0071285140669914,0.0,True,planned,7.631159481566293,7.630809684540319,0.000349797025974,0.0128288269042986,0.0060501098632812,0.0067787170410174,7.643988308470591,7.631159481566293,0.0,0.0,0.0071285140669914,0.000349797025974,0.0067787170410174,7.6368597944036,0.0,0.007128514066991443,0.009588241577148438,-0.002459727510156995,0.0006768110023571694
14315_headwear_scope,14315,supported,1,matched_low_flow,event_1_scope_and_value,30,7,463,"[249, 250, 251, 252, 253, 254, 376, 377, 378, 379, 380, 381, 382, 383, 384, 385, 386, 387, 388, 389, 390, 391, 392, 393]",True,scope_and_value,0.0,0.0,0.0,0.0,1.0,1.0,7.643988308470591,7.630039911954398,0.0139483965161932,0.0,True,planned,7.631159481566293,7.641768198697564,-0.0106087171312712,0.0128288269042986,-0.0117282867431658,0.0245571136474644,7.643988308470591,7.631159481566293,0.0,0.0,0.0139483965161932,-0.0106087171312712,0.0245571136474644,7.629338007657525,-0.0007019042968732,0.013948396516193284,0.010324478149414062,0.003623918366779222,0.0013258632136453619
14315_headwear_scope,14315,supported,2,high_flow_without_positive_lookback,event_2_selected_edge,30,5,465,[0],True,selected_edge,0.0,0.0,0.0,0.0,0.25,1.0,7.643988308470591,7.63212115738532,0.011867151085271,0.0,True,planned,7.544966396849496,7.551789355017156,-0.0068229581676604,0.0990219116210955,0.080331802368164,0.0186901092529314,7.643988308470591,7.544966396849496,0.0,0.0,0.011867151085271,-0.0068229581676604,0.0186901092529314,7.633093905188055,0.0009727478027343,0.011867151085271033,0.009199142456054688,0.002668008629216345,0.001140855862530099
14315_headwear_scope,14315,supported,2,high_flow_without_positive_lookback,event_2_selected_edge,30,5,465,[0],True,selected_edge,0.0,0.0,0.0,0.0,1.0,1.0,7.643988308470591,7.623271792890968,0.0207165155796236,0.0,True,planned,7.544966396849496,7.53389152860874,0.0110748682407564,0.0990219116210955,0.0893802642822283,0.0096416473388671,7.643988308470591,7.544966396849496,0.0,0.0,0.0207165155796236,0.0110748682407564,0.0096416473388671,7.628063052656593,0.004791259765625,0.020716515579623618,0.009021759033203125,0.011694756546420493,0.0020379885977521717
14315_headwear_scope,14315,supported,2,high_flow_without_positive_lookback,event_2_scope,30,5,465,"[249, 250, 251, 252, 253, 254]",True,scope,0.0,0.0,0.0,0.0,0.25,1.0,7.643988308470591,7.643988308470591,0.0,0.0,True,planned,7.544966396849496,7.544966396849496,0.0,0.0990219116210955,0.0990219116210955,0.0,7.643988308470591,7.544966396849496,0.0,0.0,0.0,0.0,0.0,7.643988308470591,0.0,0.0,0.0,0.0,0.0
14315_headwear_scope,14315,supported,2,high_flow_without_positive_lookback,event_2_scope,30,5,465,"[249, 250, 251, 252, 253, 254]",True,scope,0.0,0.0,0.0,0.0,1.0,1.0,7.643988308470591,7.636654256606906,0.007334051863685,0.0,True,planned,7.544966396849496,7.537632344985811,0.007334051863685,0.0990219116210955,0.0990219116210955,0.0,7.643988308470591,7.544966396849496,0.0,0.0,0.007334051863685,0.007334051863685,0.0,7.636654256606906,0.0,0.007334051863685076,0.0,0.007334051863685076,0.000733405186368441
14315_headwear_scope,14315,supported,2,high_flow_without_positive_lookback,event_2_supported_value,30,5,465,"[376, 377, 378, 379, 380, 381, 382, 383, 384, 385, 386, 387, 388, 389, 390, 391, 392, 393]",True,supported_value,0.0,0.0,0.0,0.0,0.25,1.0,7.643988308470591,7.643988308470591,0.0,0.0,True,planned,7.544966396849496,7.544966396849496,0.0,0.0990219116210955,0.0990219116210955,0.0,7.643988308470591,7.544966396849496,0.0,0.0,0.0,0.0,0.0,7.643988308470591,0.0,0.0,0.0,0.0,0.0
14315_headwear_scope,14315,supported,2,high_flow_without_positive_lookback,event_2_supported_value,30,5,465,"[376, 377, 378, 379, 380, 381, 382, 383, 384, 385, 386, 387, 388, 389, 390, 391, 392, 393]",True,supported_value,0.0,0.0,0.0,0.0,1.0,1.0,7.643988308470591,7.6308395398554545,0.013148768615137,0.0,True,planned,7.544966396849496,7.527646256774402,0.0173201400750944,0.0990219116210955,0.1031932830810529,-0.0041713714599573,7.643988308470591,7.544966396849496,0.0,0.0,0.013148768615137,0.0173201400750944,-0.0041713714599573,7.6283161176142436,-0.0025234222412109,0.01314876861513703,0.003604888916015625,0.009543879699121405,0.0012685004035737357
14315_headwear_scope,14315,supported,2,high_flow_without_positive_lookback,event_2_value_source,30,5,465,"[255, 256, 257, 258, 259, 260, 261, 262, 263, 264, 265, 266]",True,value_source,0.0,0.0,0.0,0.0,0.25,1.0,7.643988308470591,7.643988308470591,0.0,0.0,True,planned,7.544966396849496,7.544966396849496,0.0,0.0990219116210955,0.0990219116210955,0.0,7.643988308470591,7.544966396849496,0.0,0.0,0.0,0.0,0.0,7.643988308470591,0.0,0.0,0.0,0.0,0.0
14315_headwear_scope,14315,supported,2,high_flow_without_positive_lookback,event_2_value_source,30,5,465,"[255, 256, 257, 258, 259, 260, 261, 262, 263, 264, 265, 266]",True,value_source,0.0,0.0,0.0,0.0,1.0,1.0,7.643988308470591,7.603454861818132,0.0405334466524598,0.0,True,planned,7.544966396849496,7.524055752931412,0.0209106439180839,0.0990219116210955,0.0793991088867196,0.0196228027343758,7.643988308470591,7.544966396849496,0.0,0.0,0.0405334466524598,0.0209106439180839,0.0196228027343758,7.612802777467546,0.009347915649414,0.04053344665245984,0.03279876708984375,0.007734679562616087,0.003778111320403621
14315_headwear_scope,14315,supported,2,high_flow_without_positive_lookback,event_2_scope_and_value,30,5,465,"[249, 250, 251, 252, 253, 254, 376, 377, 378, 379, 380, 381, 382, 383, 384, 385, 386, 387, 388, 389, 390, 391, 392, 393]",True,scope_and_value,0.0,0.0,0.0,0.0,0.25,1.0,7.643988308470591,7.6044331449915425,0.0395551634790489,0.0,True,planned,7.544966396849496,7.525034036104823,0.019932360744673,0.0990219116210955,0.0793991088867196,0.0196228027343758,7.643988308470591,7.544966396849496,0.0,0.0,0.0395551634790489,0.019932360744673,0.0196228027343758,7.613781060640957,0.009347915649414,0.03955516347904897,0.03279876708984375,0.0067563963892052215,0.0036802830030625566
14315_headwear_scope,14315,supported,2,high_flow_without_positive_lookback,event_2_scope_and_value,30,5,465,"[249, 250, 251, 252, 253, 254, 376, 377, 378, 379, 380, 381, 382, 383, 384, 385, 386, 387, 388, 389, 390, 391, 392, 393]",True,scope_and_value,0.0,0.0,0.0,0.0,1.0,1.0,7.643988308470591,7.642612141322394,0.0013761671481971,0.0,True,planned,7.544966396849496,7.539418858241339,0.0055475386081571,0.0990219116210955,0.1031932830810555,-0.00417137145996,7.643988308470591,7.544966396849496,0.0,0.0,0.0013761671481971,0.0055475386081571,-0.00417137145996,7.640088719081183,-0.0025234222412109,0.001376167148197105,0.003604888916015625,-0.00222872176781852,0.0001330673834638585
14315_headwear_scope,14315,supported,3,decision_query_control,event_3_selected_edge,31,8,468,[0],True,selected_edge,0.0,0.0,,,0.25,1.0,7.643988308470591,7.573849377196176,0.0701389312744158,0.0,True,not_measured_no_retained_cross_position_edge,,,,,,,,,,,,,,,,0.07013893127441584,0.07013893127441406,1.7763568394002505e-15,0.006423323473640163
14315_headwear_scope,14315,supported,3,decision_query_control,event_3_selected_edge,31,8,468,[0],True,selected_edge,0.0,0.0,,,1.0,1.0,7.643988308470591,7.562555965941295,0.0814323425292968,0.0,True,not_measured_no_retained_cross_position_edge,,,,,,,,,,,,,,,,0.08143234252929688,0.08143234252929688,0.0,0.007460315177176269
14315_headwear_scope,14315,supported,3,decision_query_control,event_3_scope,31,8,468,"[249, 250, 251, 252, 253, 254]",True,scope,0.0,0.0,,,0.25,1.0,7.643988308470591,7.643988308470591,0.0,0.0,True,not_measured_no_retained_cross_position_edge,,,,,,,,,,,,,,,,0.0,0.0,0.0,0.0
14315_headwear_scope,14315,supported,3,decision_query_control,event_3_scope,31,8,468,"[249, 250, 251, 252, 253, 254]",True,scope,0.0,0.0,,,1.0,1.0,7.643988308470591,7.633078274290902,0.0109100341796892,0.0,True,not_measured_no_retained_cross_position_edge,,,,,,,,,,,,,,,,0.010910034179689276,0.0109100341796875,1.7763568394002505e-15,0.0009995208009347945
14315_headwear_scope,14315,supported,3,decision_query_control,event_3_supported_value,31,8,468,"[376, 377, 378, 379, 380, 381, 382, 383, 384, 385, 386, 387, 388, 389, 390, 391, 392, 393]",True,supported_value,0.0,0.0,,,0.25,1.0,7.643988308470591,7.642832455199106,0.0011558532714852,0.0,True,not_measured_no_retained_cross_position_edge,,,,,,,,,,,,,,,,0.0011558532714852632,0.001155853271484375,8.881784197001252e-16,0.00010493170367720239
14315_headwear_scope,14315,supported,3,decision_query_control,event_3_supported_value,31,8,468,"[376, 377, 378, 379, 380, 381, 382, 383, 384, 385, 386, 387, 388, 389, 390, 391, 392, 393]",True,supported_value,0.0,0.0,,,1.0,1.0,7.643988308470591,7.6259600491932495,0.0180282592773419,0.0,True,not_measured_no_retained_cross_position_edge,,,,,,,,,,,,,,,,0.018028259277341974,0.01802825927734375,-1.7763568394002505e-15,0.001651081524018716
14315_headwear_scope,14315,supported,3,decision_query_control,event_3_value_source,31,8,468,"[255, 256, 257, 258, 259, 260, 261, 262, 263, 264, 265, 266]",True,value_source,0.0,0.0,,,0.25,1.0,7.643988308470591,7.643988308470591,0.0,0.0,True,not_measured_no_retained_cross_position_edge,,,,,,,,,,,,,,,,0.0,0.0,0.0,0.0
14315_headwear_scope,14315,supported,3,decision_query_control,event_3_value_source,31,8,468,"[255, 256, 257, 258, 259, 260, 261, 262, 263, 264, 265, 266]",True,value_source,0.0,0.0,,,1.0,1.0,7.643988308470591,7.644398388426646,-0.0004100799560546,0.0,True,not_measured_no_retained_cross_position_edge,,,,,,,,,,,,,,,,-0.0004100799560546875,-0.0004100799560546875,0.0,-3.225821852548272e-05
14315_headwear_scope,14315,supported,3,decision_query_control,event_3_scope_and_value,31,8,468,"[249, 250, 251, 252, 253, 254, 376, 377, 378, 379, 380, 381, 382, 383, 384, 385, 386, 387, 388, 389, 390, 391, 392, 393]",True,scope_and_value,0.0,0.0,,,0.25,1.0,7.643988308470591,7.642622646849498,0.0013656616210937,0.0,True,not_measured_no_retained_cross_position_edge,,,,,,,,,,,,,,,,0.00136566162109375,0.00136566162109375,0.0,0.00012450359037652348
14315_headwear_scope,14315,supported,3,decision_query_control,event_3_scope_and_value,31,8,468,"[249, 250, 251, 252, 253, 254, 376, 377, 378, 379, 380, 381, 382, 383, 384, 385, 386, 387, 388, 389, 390, 391, 392, 393]",True,scope_and_value,0.0,0.0,,,1.0,1.0,7.643988308470591,7.633324322264538,0.0106639862060538,0.0,True,not_measured_no_retained_cross_position_edge,,,,,,,,,,,,,,,,0.0106639862060538,0.010663986206054688,-8.881784197001252e-16,0.0009779448625109044
14315_headwear_scope,14315,unsupported,0,lookback_target_flow,event_0_selected_edge,30,3,467,[0],True,selected_edge,0.0,0.0,0.0,0.0,0.25,1.0,-4.697483304481864,-4.708398885906287,0.010915581424423,0.0,True,planned,-4.745699170570731,-4.762264318645546,0.0165651480748154,0.0482158660888671,0.0538654327392595,-0.0056495666503924,-4.697483304481864,-4.745699170570731,0.0,0.0,0.010915581424423,0.0165651480748154,-0.0056495666503924,-4.711143560588904,-0.0027446746826171,0.01091558142442306,-0.0039081573486328125,0.014823738773055872,0.0009999546480585764
14315_headwear_scope,14315,unsupported,0,lookback_target_flow,event_0_selected_edge,30,3,467,[0],True,selected_edge,0.0,0.0,0.0,0.0,1.0,1.0,-4.697483304481864,-4.6996571389615385,0.0021738344796746,0.0,True,planned,-4.745699170570731,-4.719892200607046,-0.0258069699636847,0.0482158660888671,0.0202350616455078,0.0279808044433593,-4.697483304481864,-4.745699170570731,0.0,0.0,0.0021738344796746,-0.0258069699636847,0.0279808044433593,-4.704814609664662,-0.0051574707031232,0.0021738344796746745,-0.000530242919921875,0.0027040773995965495,0.0002950806371327941
14315_headwear_scope,14315,unsupported,0,lookback_target_flow,event_0_scope,30,3,467,"[249, 250, 251, 252, 253, 254]",True,scope,0.0,0.0,0.0,0.0,0.25,1.0,-4.697483304481864,-4.718602480337216,0.0211191758553521,0.0,True,planned,-4.745699170570731,-4.726537050649716,-0.019162119921015,0.0482158660888671,0.0079345703125,0.0402812957763671,-4.697483304481864,-4.745699170570731,0.0,0.0,0.0211191758553521,-0.019162119921015,0.0402812957763671,-4.714713396474911,0.0038890838623046,0.021119175855352168,0.019792556762695312,0.0013266190926568555,0.002046268094033854
14315_headwear_scope,14315,unsupported,0,lookback_target_flow,event_0_scope,30,3,467,"[249, 250, 251, 252, 253, 254]",True,scope,0.0,0.0,0.0,0.0,1.0,1.0,-4.697483304481864,-4.718261935470742,0.020778630988878,0.0,True,planned,-4.745699170570731,-4.74916479801957,0.0034656274488389,0.0482158660888671,0.0309028625488281,0.017313003540039,-4.697483304481864,-4.745699170570731,0.0,0.0,0.020778630988878,0.0034656274488389,0.017313003540039,-4.724384524582069,-0.0061225891113272,0.020778630988878,0.0074138641357421875,0.013364766853135812,0.001996909826265769
14315_headwear_scope,14315,unsupported,0,lookback_target_flow,event_0_supported_value,30,3,467,"[376, 377, 378, 379, 380, 381, 382, 383, 384, 385, 386, 387, 388, 389, 390, 391, 392, 393]",True,supported_value,0.0,0.0,0.0,0.0,0.25,1.0,-4.697483304481864,-4.708386309951991,0.0109030054701273,0.0,True,planned,-4.745699170570731,-4.733805545181483,-0.0118936253892476,0.0482158660888671,0.0254192352294921,0.022796630859375,-4.697483304481864,-4.745699170570731,0.0,0.0,0.0109030054701273,-0.0118936253892476,0.022796630859375,-4.712277301162929,-0.0038909912109375,0.010903005470127347,0.0068645477294921875,0.00403845774063516,0.001116328543639411
14315_headwear_scope,14315,unsupported,0,lookback_target_flow,event_0_supported_value,30,3,467,"[376, 377, 378, 379, 380, 381, 382, 383, 384, 385, 386, 387, 388, 389, 390, 391, 392, 393]",True,supported_value,0.0,0.0,0.0,0.0,1.0,1.0,-4.697483304481864,-4.699364867682624,0.0018815632007598,0.0,True,planned,-4.745699170570731,-4.741465774054696,-0.0042333965160352,0.0482158660888671,0.042100906372072,0.006114959716795,-4.697483304481864,-4.745699170570731,0.0,0.0,0.0018815632007598,-0.0042333965160352,0.006114959716795,-4.703229156012701,-0.0038642883300772,0.0018815632007598282,-0.0051937103271484375,0.007075273527908266,0.00026961198613317805
14315_headwear_scope,14315,unsupported,0,lookback_target_flow,event_0_value_source,30,3,467,"[255, 256, 257, 258, 259, 260, 261, 262, 263, 264, 265, 266]",True,value_source,0.0,0.0,0.0,0.0,0.25,1.0,-4.697483304481864,-4.698543189907293,0.0010598854254295,0.0,True,planned,-4.745699170570731,-4.725249885463935,-0.0204492851067961,0.0482158660888671,0.0267066955566415,0.0215091705322256,-4.697483304481864,-4.745699170570731,0.0,0.0,0.0010598854254295,-0.0204492851067961,0.0215091705322256,-4.706927894497137,-0.0083847045898437,0.001059885425429563,0.010267257690429688,-0.009207372265000124,0.00019926344163023746
14315_headwear_scope,14315,unsupported,0,lookback_target_flow,event_0_value_source,30,3,467,"[255, 256, 257, 258, 259, 260, 261, 262, 263, 264, 265, 266]",True,value_source,0.0,0.0,0.0,0.0,1.0,1.0,-4.697483304481864,-4.720777069679056,0.0232937651971925,0.0,True,planned,-4.745699170570731,-4.743244682899271,-0.0024544876714598,0.0482158660888671,0.0224676132202148,0.0257482528686523,-4.697483304481864,-4.745699170570731,0.0,0.0,0.0232937651971925,-0.0024544876714598,0.0257482528686523,-4.71379426633433,0.0069828033447265,0.023293765197192506,0.021907806396484375,0.0013859588007081314,0.002322006713100788
14315_headwear_scope,14315,unsupported,0,lookback_target_flow,event_0_scope_and_value,30,3,467,"[249, 250, 251, 252, 253, 254, 376, 377, 378, 379, 380, 381, 382, 383, 384, 385, 386, 387, 388, 389, 390, 391, 392, 393]",True,scope_and_value,0.0,0.0,0.0,0.0,0.25,1.0,-4.697483304481864,-4.724231946123518,0.026748641641654,0.0,True,planned,-4.745699170570731,-4.752620923174301,0.0069217526035698,0.0482158660888671,0.028388977050783,0.0198268890380841,-4.697483304481864,-4.745699170570731,0.0,0.0,0.026748641641654,0.0069217526035698,0.0198268890380841,-4.719074475420396,0.0051574707031223,0.026748641641654025,0.016698837280273438,0.010049804361380588,0.0026431008575646953
14315_headwear_scope,14315,unsupported,0,lookback_target_flow,event_0_scope_and_value,30,3,467,"[249, 250, 251, 252, 253, 254, 376, 377, 378, 379, 380, 381, 382, 383, 384, 385, 386, 387, 388, 389, 390, 391, 392, 393]",True,scope_and_value,0.0,0.0,0.0,0.0,1.0,1.0,-4.697483304481864,-4.690695445822468,-0.0067878586593961,0.0,True,planned,-4.745699170570731,-4.750547092245808,0.0048479216750774,0.0482158660888671,0.0598516464233407,-0.0116357803344735,-4.697483304481864,-4.745699170570731,0.0,0.0,-0.0067878586593961,0.0048479216750774,-0.0116357803344735,-4.703468005942097,-0.0127725601196289,-0.006787858659396129,-0.00032520294189453125,-0.0064626557175015975,-0.0006402341238780362
14315_headwear_scope,14315,unsupported,1,matched_low_flow,event_1_selected_edge,30,3,464,[192],True,selected_edge,0.0,0.0,0.0,0.0,0.25,1.0,-4.697483304481864,-4.699930368376966,0.0024470638951026,0.0,True,planned,-4.6988165411762,-4.719887910796401,0.0210713696202011,0.0013332366943359,0.0199575424194344,-0.0186243057250985,-4.697483304481864,-4.6988165411762,0.0,0.0,0.0024470638951026,0.0210713696202011,-0.0186243057250985,-4.699930368376966,0.0,0.0024470638951026302,-0.001743316650390625,0.004190380545493255,0.00016675454191839023
14315_headwear_scope,14315,unsupported,1,matched_low_flow,event_1_selected_edge,30,3,464,[192],True,selected_edge,0.0,0.0,0.0,0.0,1.0,1.0,-4.697483304481864,-4.703645500433848,0.0061621959519841,0.0,True,planned,-4.6988165411762,-4.712003502142834,0.0131869609666344,0.0013332366943359,0.0083580017089861,-0.0070247650146502,-4.697483304481864,-4.6988165411762,0.0,0.0,0.0061621959519841,0.0131869609666344,-0.0070247650146502,-4.703645500433848,0.0,0.006162195951984195,0.0032978057861328125,0.0028643901658513826,0.0005371582847176759
14315_headwear_scope,14315,unsupported,1,matched_low_flow,event_1_scope,30,3,464,"[249, 250, 251, 252, 253, 254]",True,scope,0.0,0.0,0.0,0.0,0.25,1.0,-4.697483304481864,-4.707311730506924,0.0098284260250602,0.0,True,planned,-4.6988165411762,-4.706857781532314,0.008041240356114,0.0013332366943359,-0.0004539489746102,0.0017871856689462,-4.697483304481864,-4.6988165411762,0.0,0.0,0.0098284260250602,0.008041240356114,0.0017871856689462,-4.707311730506924,0.0,0.009828426025060288,7.724761962890625e-05,0.009751178405431382,0.0008471726950005642
14315_headwear_scope,14315,unsupported,1,matched_low_flow,event_1_scope,30,3,464,"[249, 250, 251, 252, 253, 254]",True,scope,0.0,0.0,0.0,0.0,1.0,1.0,-4.697483304481864,-4.6929469744004,-0.0045363300814642,0.0,True,planned,-4.6988165411762,-4.694617811802743,-0.0041987293734564,0.0013332366943359,0.0016708374023437,-0.0003376007080078,-4.697483304481864,-4.6988165411762,0.0,0.0,-0.0045363300814642,-0.0041987293734564,-0.0003376007080078,-4.6929469744004,0.0,-0.004536330081464257,-0.0025691986083984375,-0.0019671314730658196,-0.00042075815385433923
14315_headwear_scope,14315,unsupported,1,matched_low_flow,event_1_supported_value,30,3,464,"[376, 377, 378, 379, 380, 381, 382, 383, 384, 385, 386, 387, 388, 389, 390, 391, 392, 393]",True,supported_value,0.0,0.0,0.0,0.0,0.25,1.0,-4.697483304481864,-4.690072300488706,-0.007411003993158,0.0,True,planned,-4.6988165411762,-4.686987164075132,-0.0118293771010682,0.0013332366943359,-0.0030851364135742,0.0044183731079101,-4.697483304481864,-4.6988165411762,0.0,0.0,-0.007411003993158,-0.0118293771010682,0.0044183731079101,-4.690072300488706,0.0,-0.007411003993158083,-0.001163482666015625,-0.006247521327142458,-0.0007090183881399703
14315_headwear_scope,14315,unsupported,1,matched_low_flow,event_1_supported_value,30,3,464,"[376, 377, 378, 379, 380, 381, 382, 383, 384, 385, 386, 387, 388, 389, 390, 391, 392, 393]",True,supported_value,0.0,0.0,0.0,0.0,1.0,1.0,-4.697483304481864,-4.710349931811782,0.0128666273299185,0.0,True,planned,-4.6988165411762,-4.705566301440688,0.0067497602644879,0.0013332366943359,-0.0047836303710946,0.0061168670654305,-4.697483304481864,-4.6988165411762,0.0,0.0,0.0128666273299185,0.0067497602644879,0.0061168670654305,-4.710349931811782,0.0,0.0128666273299185,0.014703750610351562,-0.0018371232804330617,0.0012255395887313947
14315_headwear_scope,14315,unsupported,1,matched_low_flow,event_1_value_source,30,3,464,"[255, 256, 257, 258, 259, 260, 261, 262, 263, 264, 265, 266]",True,value_source,0.0,0.0,0.0,0.0,0.25,1.0,-4.697483304481864,-4.6967096103921175,-0.0007736940897462,0.0,True,planned,-4.6988165411762,-4.693183876444364,-0.0056326647318361,0.0013332366943359,-0.0035257339477539,0.0048589706420898,-4.697483304481864,-4.6988165411762,0.0,0.0,-0.0007736940897462,-0.0056326647318361,0.0048589706420898,-4.6967096103921175,0.0,-0.0007736940897462574,0.0027561187744140625,-0.00352981286416032,-7.199837454896496e-05
14315_headwear_scope,14315,unsupported,1,matched_low_flow,event_1_value_source,30,3,464,"[255, 256, 257, 258, 259, 260, 261, 262, 263, 264, 265, 266]",True,value_source,0.0,0.0,0.0,0.0,1.0,1.0,-4.697483304481864,-4.693863927646042,-0.0036193768358216,0.0,True,planned,-4.6988165411762,-4.684092580600143,-0.0147239605760569,0.0013332366943359,-0.0097713470458993,0.0111045837402352,-4.697483304481864,-4.6988165411762,0.0,0.0,-0.0036193768358216,-0.0147239605760569,0.0111045837402352,-4.693863927646042,0.0,-0.003619376835821697,-0.005756378173828125,0.002137001338006428,-0.0003797401842045023
14315_headwear_scope,14315,unsupported,1,matched_low_flow,event_1_scope_and_value,30,3,464,"[249, 250, 251, 252, 253, 254, 376, 377, 378, 379, 380, 381, 382, 383, 384, 385, 386, 387, 388, 389, 390, 391, 392, 393]",True,scope_and_value,0.0,0.0,0.0,0.0,0.25,1.0,-4.697483304481864,-4.701118593489685,0.0036352890078212,0.0,True,planned,-4.6988165411762,-4.719905023848572,0.021088482672372,0.0013332366943359,0.0187864303588867,-0.0174531936645507,-4.697483304481864,-4.6988165411762,0.0,0.0,0.0036352890078212,0.021088482672372,-0.0174531936645507,-4.701118593489685,0.0,0.003635289007821285,-0.0018625259399414062,0.005497814947762691,0.0003618133312612848
14315_headwear_scope,14315,unsupported,1,matched_low_flow,event_1_scope_and_value,30,3,464,"[249, 250, 251, 252, 253, 254, 376, 377, 378, 379, 380, 381, 382, 383, 384, 385, 386, 387, 388, 389, 390, 391, 392, 393]",True,scope_and_value,0.0,0.0,0.0,0.0,1.0,1.0,-4.697483304481864,-4.701755385067596,0.0042720805857321,0.0,True,planned,-4.6988165411762,-4.700515608456266,0.0016990672800663,0.0013332366943359,-0.0012397766113299,0.0025730133056658,-4.697483304481864,-4.6988165411762,0.0,0.0,0.0042720805857321,0.0016990672800663,0.0025730133056658,-4.701755385067596,0.0,0.004272080585732141,0.010684967041015625,-0.006412886455283484,0.00048076909272243284
14315_headwear_scope,14315,unsupported,2,high_flow_without_positive_lookback,event_2_selected_edge,30,5,467,[0],True,selected_edge,0.0,0.0,0.0,0.0,0.25,1.0,-4.697483304481864,-4.694852062787494,-0.0026312416943694,0.0,True,planned,-4.745699170570731,-4.735445210065328,-0.0102539605054028,0.0482158660888671,0.0405931472778338,0.0076227188110333,-4.697483304481864,-4.745699170570731,0.0,0.0,-0.0026312416943694,-0.0102539605054028,0.0076227188110333,-4.701247402753316,-0.0063953399658212,-0.002631241694369457,-0.0075321197509765625,0.004900878056607105,-0.00021153238184179468
14315_headwear_scope,14315,unsupported,2,high_flow_without_positive_lookback,event_2_selected_edge,30,5,467,[0],True,selected_edge,0.0,0.0,0.0,0.0,1.0,1.0,-4.697483304481864,-4.722026032158087,0.0245427276762226,0.0,True,planned,-4.745699170570731,-4.734165352531622,-0.0115338180391093,0.0482158660888671,0.0121393203735351,0.036076545715332,-4.697483304481864,-4.745699170570731,0.0,0.0,0.0245427276762226,-0.0115338180391093,0.036076545715332,-4.717593353935431,0.0044326782226553,0.024542727676222675,0.013925552368164062,0.010617175308058613,0.0023714324650274676
14315_headwear_scope,14315,unsupported,2,high_flow_without_positive_lookback,event_2_scope,30,5,467,"[249, 250, 251, 252, 253, 254]",True,scope,0.0,0.0,0.0,0.0,0.25,1.0,-4.697483304481864,-4.697483304481864,0.0,0.0,True,planned,-4.745699170570731,-4.745699170570731,0.0,0.0482158660888671,0.0482158660888671,0.0,-4.697483304481864,-4.745699170570731,0.0,0.0,0.0,0.0,0.0,-4.697483304481864,0.0,0.0,0.0,0.0,0.0
14315_headwear_scope,14315,unsupported,2,high_flow_without_positive_lookback,event_2_scope,30,5,467,"[249, 250, 251, 252, 253, 254]",True,scope,0.0,0.0,0.0,0.0,1.0,1.0,-4.697483304481864,-4.7070300691584,0.0095467646765365,0.0,True,planned,-4.745699170570731,-4.755245935247268,0.0095467646765365,0.0482158660888671,0.0482158660888671,0.0,-4.697483304481864,-4.745699170570731,0.0,0.0,0.0095467646765365,0.0095467646765365,0.0,-4.7070300691584,0.0,0.00954676467653659,0.0,0.00954676467653659,0.0008678876978669425
14315_headwear_scope,14315,unsupported,2,high_flow_without_positive_lookback,event_2_supported_value,30,5,467,"[376, 377, 378, 379, 380, 381, 382, 383, 384, 385, 386, 387, 388, 389, 390, 391, 392, 393]",True,supported_value,0.0,0.0,0.0,0.0,0.25,1.0,-4.697483304481864,-4.704983952980399,0.0075006484985351,0.0,True,planned,-4.745699170570731,-4.7247326407245405,-0.0209665298461905,0.0482158660888671,0.0197486877441415,0.0284671783447256,-4.697483304481864,-4.745699170570731,0.0,0.0,0.0075006484985351,-0.0209665298461905,0.0284671783447256,-4.706860784035086,-0.0018768310546866,0.007500648498535156,0.007500648498535156,0.0,0.0007237082558245733
14315_headwear_scope,14315,unsupported,2,high_flow_without_positive_lookback,event_2_supported_value,30,5,467,"[376, 377, 378, 379, 380, 381, 382, 383, 384, 385, 386, 387, 388, 389, 390, 391, 392, 393]",True,supported_value,0.0,0.0,0.0,0.0,1.0,1.0,-4.697483304481864,-4.702862524540855,0.005379220058991,0.0,True,planned,-4.745699170570731,-4.7559106583909525,0.0102114878202215,0.0482158660888671,0.0530481338500976,-0.0048322677612304,-4.697483304481864,-4.745699170570731,0.0,0.0,0.005379220058991,0.0102114878202215,-0.0048322677612304,-4.7057140107469095,-0.0028514862060546,0.005379220058991052,-0.0009737014770507812,0.006352921536041833,0.00048001968482114243
14315_headwear_scope,14315,unsupported,2,high_flow_without_positive_lookback,event_2_value_source,30,5,467,"[255, 256, 257, 258, 259, 260, 261, 262, 263, 264, 265, 266]",True,value_source,0.0,0.0,0.0,0.0,0.25,1.0,-4.697483304481864,-4.704983952980399,0.0075006484985351,0.0,True,planned,-4.745699170570731,-4.7247326407245405,-0.0209665298461905,0.0482158660888671,0.0197486877441415,0.0284671783447256,-4.697483304481864,-4.745699170570731,0.0,0.0,0.0075006484985351,-0.0209665298461905,0.0284671783447256,-4.706860784035086,-0.0018768310546866,0.007500648498535156,0.007500648498535156,0.0,0.0007237082558245733
14315_headwear_scope,14315,unsupported,2,high_flow_without_positive_lookback,event_2_value_source,30,5,467,"[255, 256, 257, 258, 259, 260, 261, 262, 263, 264, 265, 266]",True,value_source,0.0,0.0,0.0,0.0,1.0,1.0,-4.697483304481864,-4.704983952980399,0.0075006484985351,0.0,True,planned,-4.745699170570731,-4.7247326407245405,-0.0209665298461905,0.0482158660888671,0.0197486877441415,0.0284671783447256,-4.697483304481864,-4.745699170570731,0.0,0.0,0.0075006484985351,-0.0209665298461905,0.0284671783447256,-4.706860784035086,-0.0018768310546866,0.007500648498535156,0.007500648498535156,0.0,0.0007237082558245733
14315_headwear_scope,14315,unsupported,2,high_flow_without_positive_lookback,event_2_scope_and_value,30,5,467,"[249, 250, 251, 252, 253, 254, 376, 377, 378, 379, 380, 381, 382, 383, 384, 385, 386, 387, 388, 389, 390, 391, 392, 393]",True,scope_and_value,0.0,0.0,0.0,0.0,0.25,1.0,-4.697483304481864,-4.714530717656936,0.0170474131750717,0.0,True,planned,-4.745699170570731,-4.734279405401078,-0.011419765169653,0.0482158660888671,0.0197486877441424,0.0284671783447247,-4.697483304481864,-4.745699170570731,0.0,0.0,0.0170474131750717,-0.011419765169653,0.0284671783447247,-4.716407548711623,-0.0018768310546875,0.017047413175071746,0.007500648498535156,0.00954676467653659,0.0015915959536915159
14315_headwear_scope,14315,unsupported,2,high_flow_without_positive_lookback,event_2_scope_and_value,30,5,467,"[249, 250, 251, 252, 253, 254, 376, 377, 378, 379, 380, 381, 382, 383, 384, 385, 386, 387, 388, 389, 390, 391, 392, 393]",True,scope_and_value,0.0,0.0,0.0,0.0,1.0,1.0,-4.697483304481864,-4.69600260395327,-0.0014807005285941,0.0,True,planned,-4.745699170570731,-4.746379496043113,0.0006803254723823,0.0482158660888671,0.0503768920898437,-0.0021610260009765,-4.697483304481864,-4.745699170570731,0.0,0.0,-0.0014807005285941,0.0006803254723823,-0.0021610260009765,-4.700007082407859,-0.0040044784545889,-0.00148070052859417,0.000652313232421875,-0.002133013761016045,-0.00012097746289818634
14315_headwear_scope,14315,unsupported,3,decision_query_control,event_3_selected_edge,31,8,468,[0],True,selected_edge,0.0,0.0,,,0.25,1.0,-4.697483304481864,-4.70886063907659,0.0113773345947265,0.0,True,not_measured_no_retained_cross_position_edge,,,,,,,,,,,,,,,,0.011377334594726562,0.011377334594726562,0.0,0.0009907999656587618
14315_headwear_scope,14315,unsupported,3,decision_query_control,event_3_selected_edge,31,8,468,[0],True,selected_edge,0.0,0.0,,,1.0,1.0,-4.697483304481864,-4.721467259865165,0.0239839553833007,0.0,True,not_measured_no_retained_cross_position_edge,,,,,,,,,,,,,,,,0.02398395538330078,0.02398395538330078,0.0,0.002034590892125321
14315_headwear_scope,14315,unsupported,3,decision_query_control,event_3_scope,31,8,468,"[249, 250, 251, 252, 253, 254]",True,scope,0.0,0.0,,,0.25,1.0,-4.697483304481864,-4.697483304481864,0.0,0.0,True,not_measured_no_retained_cross_position_edge,,,,,,,,,,,,,,,,0.0,0.0,0.0,0.0
14315_headwear_scope,14315,unsupported,3,decision_query_control,event_3_scope,31,8,468,"[249, 250, 251, 252, 253, 254]",True,scope,0.0,0.0,,,1.0,1.0,-4.697483304481864,-4.697483304481864,0.0,0.0,True,not_measured_no_retained_cross_position_edge,,,,,,,,,,,,,,,,0.0,0.0,0.0,0.0
14315_headwear_scope,14315,unsupported,3,decision_query_control,event_3_supported_value,31,8,468,"[376, 377, 378, 379, 380, 381, 382, 383, 384, 385, 386, 387, 388, 389, 390, 391, 392, 393]",True,supported_value,0.0,0.0,,,0.25,1.0,-4.697483304481864,-4.697483304481864,0.0,0.0,True,not_measured_no_retained_cross_position_edge,,,,,,,,,,,,,,,,0.0,0.0,0.0,0.0
14315_headwear_scope,14315,unsupported,3,decision_query_control,event_3_supported_value,31,8,468,"[376, 377, 378, 379, 380, 381, 382, 383, 384, 385, 386, 387, 388, 389, 390, 391, 392, 393]",True,supported_value,0.0,0.0,,,1.0,1.0,-4.697483304481864,-4.697729352455497,0.0002460479736328,0.0,True,not_measured_no_retained_cross_position_edge,,,,,,,,,,,,,,,,0.0002460479736328125,0.0002460479736328125,0.0,2.738261295232025e-05
14315_headwear_scope,14315,unsupported,3,decision_query_control,event_3_value_source,31,8,468,"[255, 256, 257, 258, 259, 260, 261, 262, 263, 264, 265, 266]",True,value_source,0.0,0.0,,,0.25,1.0,-4.697483304481864,-4.697483304481864,0.0,0.0,True,not_measured_no_retained_cross_position_edge,,,,,,,,,,,,,,,,0.0,0.0,0.0,0.0
14315_headwear_scope,14315,unsupported,3,decision_query_control,event_3_value_source,31,8,468,"[255, 256, 257, 258, 259, 260, 261, 262, 263, 264, 265, 266]",True,value_source,0.0,0.0,,,1.0,1.0,-4.697483304481864,-4.696039441566825,-0.001443862915039,0.0,True,not_measured_no_retained_cross_position_edge,,,,,,,,,,,,,,,,-0.0014438629150390625,-0.0014438629150390625,0.0,-0.00015027934067890492
14315_headwear_scope,14315,unsupported,3,decision_query_control,event_3_scope_and_value,31,8,468,"[249, 250, 251, 252, 253, 254, 376, 377, 378, 379, 380, 381, 382, 383, 384, 385, 386, 387, 388, 389, 390, 391, 392, 393]",True,scope_and_value,0.0,0.0,,,0.25,1.0,-4.697483304481864,-4.697483304481864,0.0,0.0,True,not_measured_no_retained_cross_position_edge,,,,,,,,,,,,,,,,0.0,0.0,0.0,0.0
14315_headwear_scope,14315,unsupported,3,decision_query_control,event_3_scope_and_value,31,8,468,"[249, 250, 251, 252, 253, 254, 376, 377, 378, 379, 380, 381, 382, 383, 384, 385, 386, 387, 388, 389, 390, 391, 392, 393]",True,scope_and_value,0.0,0.0,,,1.0,1.0,-4.697483304481864,-4.695150617103934,-0.0023326873779296,0.0,True,not_measured_no_retained_cross_position_edge,,,,,,,,,,,,,,,,-0.0023326873779296875,-0.0023326873779296875,0.0,-0.00024012632092662578
14375_onion_stage,14375,supported,0,lookback_target_flow,event_0_selected_edge,30,5,658,[0],True,selected_edge,0.0,0.0,0.0,0.0,0.25,1.0,6.077786245542399,6.059044242261571,0.0187420032808276,0.0,True,planned,6.07316855450236,6.060667395948094,0.012501158554266,0.0046176910400381,-0.0016231536865234,0.0062408447265616,6.077786245542399,6.07316855450236,0.0,0.0,0.0187420032808276,0.012501158554266,0.0062408447265616,6.078089118360203,0.0190448760986319,0.018742003280827646,0.0149383544921875,0.003803648788640146,0.00403611882338617
14375_onion_stage,14375,supported,0,lookback_target_flow,event_0_selected_edge,30,5,658,[0],True,selected_edge,0.0,0.0,0.0,0.0,1.0,1.0,6.077786245542399,6.076096376758941,0.0016898687834574,0.0,True,planned,6.07316855450236,6.059401354175933,0.013767200326427,0.0046176910400381,0.0166950225830078,-0.0120773315429696,6.077786245542399,6.07316855450236,0.0,0.0,0.0016898687834574,0.013767200326427,-0.0120773315429696,6.08342631755484,0.0073299407958993,0.0016898687834574488,-0.00145721435546875,0.003147083138926199,-0.0005767545159063303
14375_onion_stage,14375,supported,0,lookback_target_flow,event_0_scope,30,5,658,"[82, 83, 84, 85, 86, 87, 88, 89, 90, 91]",True,scope,0.0,0.0,0.0,0.0,0.25,1.0,6.077786245542399,6.0748471344241946,0.0029391111182039,0.0,True,planned,6.07316855450236,6.072865399194703,0.0003031553076571,0.0046176910400381,0.0019817352294912,0.0026359558105468,6.077786245542399,6.07316855450236,0.0,0.0,0.0029391111182039,0.0003031553076571,0.0026359558105468,6.077286633325563,0.002439498901368,0.0029391111182039964,-0.0006256103515625,0.0035647214697664964,-7.833944474477939e-05
14375_onion_stage,14375,supported,0,lookback_target_flow,event_0_scope,30,5,658,"[82, 83, 84, 85, 86, 87, 88, 89, 90, 91]",True,scope,0.0,0.0,0.0,0.0,1.0,1.0,6.077786245542399,6.085099619874891,-0.007313374332492,0.0,True,planned,6.07316855450236,6.065289896974501,0.0078786575278595,0.0046176910400381,0.0198097229003897,-0.0151920318603515,6.077786245542399,6.07316855450236,0.0,0.0,-0.007313374332492,0.0078786575278595,-0.0151920318603515,6.083434504518446,-0.0016651153564444,-0.0073133743324920175,-0.010431289672851562,0.003117915340359545,-0.002052570076356286
14375_onion_stage,14375,supported,0,lookback_target_flow,event_0_supported_value,30,5,658,"[92, 93, 94, 95, 96, 97, 98, 99, 100, 101, 102]",True,supported_value,0.0,0.0,0.0,0.0,0.25,1.0,6.077786245542399,6.074530604125238,0.0032556414171605,0.0,True,planned,6.07316855450236,6.072548868895746,0.0006196856066145,0.0046176910400381,0.0019817352294921,0.0026359558105459,6.077786245542399,6.07316855450236,0.0,0.0,0.0032556414171605,0.0006196856066145,0.0026359558105459,6.076970103026606,0.002439498901368,0.003255641417160504,-0.0006256103515625,0.003881251768723004,-3.1887193856050544e-05
14375_onion_stage,14375,supported,0,lookback_target_flow,event_0_supported_value,30,5,658,"[92, 93, 94, 95, 96, 97, 98, 99, 100, 101, 102]",True,supported_value,0.0,0.0,0.0,0.0,1.0,1.0,6.077786245542399,6.0565435522157856,0.0212426933266129,0.0,True,planned,6.07316855450236,6.062790118988246,0.0103784355141147,0.0046176910400381,-0.00624656677246,0.0108642578124982,6.077786245542399,6.07316855450236,0.0,0.0,0.0212426933266129,0.0103784355141147,0.0108642578124982,6.062336170013637,0.0057926177978515,0.021242693326612994,0.010053634643554688,0.011189058683058306,0.004506974836992139
14375_onion_stage,14375,supported,0,lookback_target_flow,event_0_value_source,30,5,658,"[65, 66, 67, 68, 69, 70, 71, 72, 73, 74, 75, 76, 77, 78]",True,value_source,0.0,0.0,0.0,0.0,0.25,1.0,6.077786245542399,6.085581527221347,-0.0077952816789483,0.0,True,planned,6.07316855450236,6.078980193603185,-0.0058116391008242,0.0046176910400381,0.0066013336181622,-0.0019836425781241,6.077786245542399,6.07316855450236,0.0,0.0,-0.0077952816789483,-0.0058116391008242,-0.0019836425781241,6.083460555541661,-0.0021209716796857,-0.007795281678948385,-0.005130767822265625,-0.0026645138566827598,-0.0013122002404268862
14375_onion_stage,14375,supported,0,lookback_target_flow,event_0_value_source,30,5,658,"[65, 66, 67, 68, 69, 70, 71, 72, 73, 74, 75, 76, 77, 78]",True,value_source,0.0,0.0,0.0,0.0,1.0,1.0,6.077786245542399,6.084915956454347,-0.0071297109119488,0.0,True,planned,6.07316855450236,6.06462558169849,0.0085429728038706,0.0046176910400381,0.0202903747558576,-0.0156726837158194,6.077786245542399,6.07316855450236,0.0,0.0,-0.0071297109119488,0.0085429728038706,-0.0156726837158194,6.077709993319582,-0.0072059631347656,-0.007129710911948806,-0.008707046508789062,0.001577335596840257,-0.002232087962488638
14375_onion_stage,14375,supported,0,lookback_target_flow,event_0_scope_and_value,30,5,658,"[82, 83, 84, 85, 86, 87, 88, 89, 90, 91, 92, 93, 94, 95, 96, 97, 98, 99, 100, 101, 102]",True,scope_and_value,0.0,0.0,0.0,0.0,0.25,1.0,6.077786245542399,6.072449736174529,0.0053365093678694,0.0,True,planned,6.07316855450236,6.0636873765553885,0.0094811779469718,0.0046176910400381,0.0087623596191406,-0.0041446685791024,6.077786245542399,6.07316855450236,0.0,0.0,0.0053365093678694,0.0094811779469718,-0.0041446685791024,6.067822508391327,-0.0046272277832022,0.005336509367869446,-0.0039844512939453125,0.009320960661814759,-0.00046084121014766666
14375_onion_stage,14375,supported,0,lookback_target_flow,event_0_scope_and_value,30,5,658,"[82, 83, 84, 85, 86, 87, 88, 89, 90, 91, 92, 93, 94, 95, 96, 97, 98, 99, 100, 101, 102]",True,scope_and_value,0.0,0.0,0.0,0.0,1.0,1.0,6.077786245542399,6.082622142255639,-0.0048358967132404,0.0,True,planned,6.07316855450236,6.063365550458764,0.0098030040435963,0.0046176910400381,0.019256591796875,-0.0146389007568368,6.077786245542399,6.07316855450236,0.0,0.0,-0.0048358967132404,0.0098030040435963,-0.0146389007568368,6.075442882001733,-0.0071792602539062,-0.004835896713240473,-0.009759902954101562,0.00492400624086109,-0.001862172628059211
14375_onion_stage,14375,supported,1,matched_low_flow,event_1_selected_edge,30,5,648,[0],True,selected_edge,0.0,0.0,,,0.25,1.0,6.077786245542399,6.071599448159997,0.0061867973824014,0.0,True,not_measured_no_retained_cross_position_edge,,,,,,,,,,,,,,,,0.0061867973824014655,0.01149749755859375,-0.0053107001761922845,0.002121774349647332
14375_onion_stage,14375,supported,1,matched_low_flow,event_1_selected_edge,30,5,648,[0],True,selected_edge,0.0,0.0,,,1.0,1.0,6.077786245542399,6.088335139689548,-0.0105488941471492,0.0,True,not_measured_no_retained_cross_position_edge,,,,,,,,,,,,,,,,-0.010548894147149213,-0.0038166046142578125,-0.0067322895328914,-0.002255628445858582
14375_onion_stage,14375,supported,1,matched_low_flow,event_1_scope,30,5,648,"[82, 83, 84, 85, 86, 87, 88, 89, 90, 91]",True,scope,0.0,0.0,,,0.25,1.0,6.077786245542399,6.07212541602596,0.0056608295164384,0.0,True,not_measured_no_retained_cross_position_edge,,,,,,,,,,,,,,,,0.005660829516438426,0.0016918182373046875,0.003969011279133738,0.0007645010824077758
14375_onion_stage,14375,supported,1,matched_low_flow,event_1_scope,30,5,648,"[82, 83, 84, 85, 86, 87, 88, 89, 90, 91]",True,scope,0.0,0.0,,,1.0,1.0,6.077786245542399,6.085371208736093,-0.0075849631936941,0.0,True,not_measured_no_retained_cross_position_edge,,,,,,,,,,,,,,,,-0.007584963193694172,-0.007989883422851562,0.00040492022915739057,-0.0017315923302756442
14375_onion_stage,14375,supported,1,matched_low_flow,event_1_supported_value,30,5,648,"[92, 93, 94, 95, 96, 97, 98, 99, 100, 101, 102]",True,supported_value,0.0,0.0,,,0.25,1.0,6.077786245542399,6.078586349718961,-0.0008001041765623,0.0,True,not_measured_no_retained_cross_position_edge,,,,,,,,,,,,,,,,-0.0008001041765623995,-0.0025806427001953125,0.001780538523632913,0.00022853661826904847
14375_onion_stage,14375,supported,1,matched_low_flow,event_1_supported_value,30,5,648,"[92, 93, 94, 95, 96, 97, 98, 99, 100, 101, 102]",True,supported_value,0.0,0.0,,,1.0,1.0,6.077786245542399,6.0768874613870265,0.000898784155372,0.0,True,not_measured_no_retained_cross_position_edge,,,,,,,,,,,,,,,,0.0008987841553720344,-0.003253936767578125,0.004152720922950159,0.0002527016985820474
14375_onion_stage,14375,supported,1,matched_low_flow,event_1_value_source,30,5,648,"[65, 66, 67, 68, 69, 70, 71, 72, 73, 74, 75, 76, 77, 78]",True,value_source,0.0,0.0,,,0.25,1.0,6.077786245542399,6.07193027942509,0.0058559661173083,0.0,True,not_measured_no_retained_cross_position_edge,,,,,,,,,,,,,,,,0.00585596611730832,-0.002178192138671875,0.008034158255980195,0.0002403680952216547
14375_onion_stage,14375,supported,1,matched_low_flow,event_1_value_source,30,5,648,"[65, 66, 67, 68, 69, 70, 71, 72, 73, 74, 75, 76, 77, 78]",True,value_source,0.0,0.0,,,1.0,1.0,6.077786245542399,6.087271741487531,-0.0094854959451327,0.0,True,not_measured_no_retained_cross_position_edge,,,,,,,,,,,,,,,,-0.009485495945132705,-0.006069183349609375,-0.0034163125955233298,-0.0020585154265346794
14375_onion_stage,14375,supported,1,matched_low_flow,event_1_scope_and_value,30,5,648,"[82, 83, 84, 85, 86, 87, 88, 89, 90, 91, 92, 93, 94, 95, 96, 97, 98, 99, 100, 101, 102]",True,scope_and_value,0.0,0.0,,,0.25,1.0,6.077786245542399,6.085766898692574,-0.0079806531501755,0.0,True,not_measured_no_retained_cross_position_edge,,,,,,,,,,,,,,,,-0.007980653150175598,-0.0016651153564453125,-0.006315537793730286,-0.0015730517790815135
14375_onion_stage,14375,supported,1,matched_low_flow,event_1_scope_and_value,30,5,648,"[82, 83, 84, 85, 86, 87, 88, 89, 90, 91, 92, 93, 94, 95, 96, 97, 98, 99, 100, 101, 102]",True,scope_and_value,0.0,0.0,,,1.0,1.0,6.077786245542399,6.077723961423461,6.228411893793862e-05,0.0,True,not_measured_no_retained_cross_position_edge,,,,,,,,,,,,,,,,6.228411893793862e-05,0.0029659271240234375,-0.002903643005085499,-9.030247854835416e-05
14375_onion_stage,14375,supported,2,high_flow_without_positive_lookback,event_2_selected_edge,30,7,658,[0],True,selected_edge,0.0,0.0,0.0,0.0,0.25,1.0,6.077786245542399,6.077835490544407,-4.9245002008646566e-05,0.0,True,planned,6.07316855450236,6.077255656560033,-0.0040871020576727,0.0046176910400381,0.0005798339843741,0.004037857055664,6.077786245542399,6.07316855450236,0.0,0.0,-4.9245002008646566e-05,-0.0040871020576727,0.004037857055664,6.081543376286595,0.0037078857421875,-4.9245002008646566e-05,-0.0051174163818359375,0.005068171379827291,-0.001219725868716548
14375_onion_stage,14375,supported,2,high_flow_without_positive_lookback,event_2_selected_edge,30,7,658,[0],True,selected_edge,0.0,0.0,0.0,0.0,1.0,1.0,6.077786245542399,6.066241009355757,0.0115452361866417,0.0,True,planned,6.07316855450236,6.078936321855756,-0.0057677673533955,0.0046176910400381,-0.0126953124999991,0.0173130035400372,6.077786245542399,6.07316855450236,0.0,0.0,0.0115452361866417,-0.0057677673533955,0.0173130035400372,6.081295712114546,0.015054702758789,0.011545236186641716,0.0096893310546875,0.0018559051319542164,0.0021901861007795898
14375_onion_stage,14375,supported,2,high_flow_without_positive_lookback,event_2_scope,30,7,658,"[82, 83, 84, 85, 86, 87, 88, 89, 90, 91]",True,scope,0.0,0.0,0.0,0.0,0.25,1.0,6.077786245542399,6.071321247101816,0.0064649984405829,0.0,True,planned,6.07316855450236,6.066703556061778,0.006464998440582,0.0046176910400381,0.0046176910400372,8.881784197001252e-16,6.077786245542399,6.07316855450236,0.0,0.0,0.0064649984405829,0.006464998440582,8.881784197001252e-16,6.071321247101816,0.0,0.006464998440582903,0.0,0.006464998440582903,0.0009235712057975576
14375_onion_stage,14375,supported,2,high_flow_without_positive_lookback,event_2_scope,30,7,658,"[82, 83, 84, 85, 86, 87, 88, 89, 90, 91]",True,scope,0.0,0.0,0.0,0.0,1.0,1.0,6.077786245542399,6.085570403017513,-0.0077841574751147,0.0,True,planned,6.07316855450236,6.075871535219662,-0.0027029807173013,0.0046176910400381,0.0096988677978515,-0.0050811767578133,6.077786245542399,6.07316855450236,0.0,0.0,-0.0077841574751147,-0.0027029807173013,-0.0050811767578133,6.085909911074155,0.0003395080566415,-0.007784157475114739,-0.008073806762695312,0.0002896492875805734,-0.002363170615518717
14375_onion_stage,14375,supported,2,high_flow_without_positive_lookback,event_2_supported_value,30,7,658,"[92, 93, 94, 95, 96, 97, 98, 99, 100, 101, 102]",True,supported_value,0.0,0.0,0.0,0.0,0.25,1.0,6.077786245542399,6.073769322619401,0.0040169229229976,0.0,True,planned,6.07316855450236,6.06931375621315,0.0038547982892103,0.0046176910400381,0.0044555664062508,0.0001621246337872,6.077786245542399,6.07316855450236,0.0,0.0,0.0040169229229976,0.0038547982892103,0.0001621246337872,6.073769322619401,0.0,0.004016922922997601,-0.0024471282958984375,0.006464051218896039,0.0005139009388301918
14375_onion_stage,14375,supported,2,high_flow_without_positive_lookback,event_2_supported_value,30,7,658,"[92, 93, 94, 95, 96, 97, 98, 99, 100, 101, 102]",True,supported_value,0.0,0.0,0.0,0.0,1.0,1.0,6.077786245542399,6.077189369983181,0.0005968755592178,0.0,True,planned,6.07316855450236,6.070404930896267,0.0027636236060937,0.0046176910400381,0.006784439086914,-0.0021667480468758,6.077786245542399,6.07316855450236,0.0,0.0,0.0005968755592178,0.0027636236060937,-0.0021667480468758,6.076344414538845,-0.0008449554443359,0.0005968755592178354,-0.0061283111572265625,0.006725186716444398,-0.000989255661942412
14375_onion_stage,14375,supported,2,high_flow_without_positive_lookback,event_2_value_source,30,7,658,"[65, 66, 67, 68, 69, 70, 71, 72, 73, 74, 75, 76, 77, 78]",True,value_source,0.0,0.0,0.0,0.0,0.25,1.0,6.077786245542399,6.081032348581611,-0.0032461030392125,0.0,True,planned,6.07316855450236,6.071770263620673,0.0013982908816876,0.0046176910400381,0.0092620849609383,-0.0046443939209002,6.077786245542399,6.07316855450236,0.0,0.0,-0.0032461030392125,0.0013982908816876,-0.0046443939209002,6.077309204050361,-0.00372314453125,-0.003246103039212578,-0.0056591033935546875,0.0024130003543421097,-0.0011044310468499852
14375_onion_stage,14375,supported,2,high_flow_without_positive_lookback,event_2_value_source,30,7,658,"[65, 66, 67, 68, 69, 70, 71, 72, 73, 74, 75, 76, 77, 78]",True,value_source,0.0,0.0,0.0,0.0,1.0,1.0,6.077786245542399,6.071804846785682,0.0059813987567167,0.0,True,planned,6.07316855450236,6.061655844710487,0.0115127097918739,0.0046176910400381,0.0101490020751953,-0.0055313110351571,6.077786245542399,6.07316855450236,0.0,0.0,0.0059813987567167,0.0115127097918739,-0.0055313110351571,6.07033809568705,-0.0014667510986319,0.0059813987567167715,-0.0040073394775390625,0.009988738234255834,0.0009472425192298406
14375_onion_stage,14375,supported,2,high_flow_without_positive_lookback,event_2_scope_and_value,30,7,658,"[82, 83, 84, 85, 86, 87, 88, 89, 90, 91, 92, 93, 94, 95, 96, 97, 98, 99, 100, 101, 102]",True,scope_and_value,0.0,0.0,0.0,0.0,0.25,1.0,6.077786245542399,6.075629992613088,0.0021562529293106,0.0,True,planned,6.07316855450236,6.05570010674883,0.0174684477535302,0.0046176910400381,0.0199298858642578,-0.0153121948242196,6.077786245542399,6.07316855450236,0.0,0.0,0.0021562529293106,0.0174684477535302,-0.0153121948242196,6.072198672422658,-0.0034313201904296,0.0021562529293106536,-0.005893707275390625,0.008049960204701279,-0.0011542352729918548
14375_onion_stage,14375,supported,2,high_flow_without_positive_lookback,event_2_scope_and_value,30,7,658,"[82, 83, 84, 85, 86, 87, 88, 89, 90, 91, 92, 93, 94, 95, 96, 97, 98, 99, 100, 101, 102]",True,scope_and_value,0.0,0.0,0.0,0.0,1.0,1.0,6.077786245542399,6.079736908679149,-0.0019506631367507,0.0,True,planned,6.07316855450236,6.075176438098094,-0.0020078835957333,0.0046176910400381,0.0045604705810555,5.722045898259864e-05,6.077786245542399,6.07316855450236,0.0,0.0,-0.0019506631367507,-0.0020078835957333,5.722045898259864e-05,6.077678879504345,-0.0020580291748046,-0.001950663136750741,-0.0043182373046875,0.002367574167936759,-0.0005333532802336283
14375_onion_stage,14375,supported,3,decision_query_control,event_3_selected_edge,31,8,660,[0],True,selected_edge,0.0,0.0,,,0.25,1.0,6.077786245542399,6.085261144834391,-0.0074748992919921,0.0,True,not_measured_no_retained_cross_position_edge,,,,,,,,,,,,,,,,-0.0074748992919921875,-0.0074748992919921875,0.0,-0.0025102463286061916
14375_onion_stage,14375,supported,3,decision_query_control,event_3_selected_edge,31,8,660,[0],True,selected_edge,0.0,0.0,,,1.0,1.0,6.077786245542399,6.067362585264079,0.0104236602783194,0.0,True,not_measured_no_retained_cross_position_edge,,,,,,,,,,,,,,,,0.010423660278319424,0.010423660278320312,-8.881784197001252e-16,0.0004025527597388834
14375_onion_stage,14375,supported,3,decision_query_control,event_3_scope,31,8,660,"[82, 83, 84, 85, 86, 87, 88, 89, 90, 91]",True,scope,0.0,0.0,,,0.25,1.0,6.077786245542399,6.079252996641032,-0.0014667510986337,0.0,True,not_measured_no_retained_cross_position_edge,,,,,,,,,,,,,,,,-0.0014667510986337007,-0.0014667510986328125,-8.881784197001252e-16,0.00014456484088065658
14375_onion_stage,14375,supported,3,decision_query_control,event_3_scope,31,8,660,"[82, 83, 84, 85, 86, 87, 88, 89, 90, 91]",True,scope,0.0,0.0,,,1.0,1.0,6.077786245542399,6.080426016050212,-0.0026397705078133,0.0,True,not_measured_no_retained_cross_position_edge,,,,,,,,,,,,,,,,-0.002639770507813388,-0.0026397705078125,-8.881784197001252e-16,-0.00030608033215551167
14375_onion_stage,14375,supported,3,decision_query_control,event_3_supported_value,31,8,660,"[92, 93, 94, 95, 96, 97, 98, 99, 100, 101, 102]",True,supported_value,0.0,0.0,,,0.25,1.0,6.077786245542399,6.079584875303142,-0.001798629760743,0.0,True,not_measured_no_retained_cross_position_edge,,,,,,,,,,,,,,,,-0.0017986297607430757,-0.0017986297607421875,-8.881784197001252e-16,-0.000389245890031642
14375_onion_stage,14375,supported,3,decision_query_control,event_3_supported_value,31,8,660,"[92, 93, 94, 95, 96, 97, 98, 99, 100, 101, 102]",True,supported_value,0.0,0.0,,,1.0,1.0,6.077786245542399,6.080439367490642,-0.002653121948243,0.0,True,not_measured_no_retained_cross_position_edge,,,,,,,,,,,,,,,,-0.0026531219482430757,-0.0026531219482421875,-8.881784197001252e-16,-0.0006174759874812974
14375_onion_stage,14375,supported,3,decision_query_control,event_3_value_source,31,8,660,"[65, 66, 67, 68, 69, 70, 71, 72, 73, 74, 75, 76, 77, 78]",True,value_source,0.0,0.0,,,0.25,1.0,6.077786245542399,6.07678298016154,0.0010032653808584,0.0,True,not_measured_no_retained_cross_position_edge,,,,,,,,,,,,,,,,0.0010032653808584868,0.001003265380859375,-8.881784197001252e-16,0.0002363594042682493
14375_onion_stage,14375,supported,3,decision_query_control,event_3_value_source,31,8,660,"[65, 66, 67, 68, 69, 70, 71, 72, 73, 74, 75, 76, 77, 78]",True,value_source,0.0,0.0,,,1.0,1.0,6.077786245542399,6.081782140928141,-0.0039958953857421,0.0,True,not_measured_no_retained_cross_position_edge,,,,,,,,,,,,,,,,-0.0039958953857421875,-0.0039958953857421875,0.0,-0.0006320117323892482
14375_onion_stage,14375,supported,3,decision_query_control,event_3_scope_and_value,31,8,660,"[82, 83, 84, 85, 86, 87, 88, 89, 90, 91, 92, 93, 94, 95, 96, 97, 98, 99, 100, 101, 102]",True,scope_and_value,0.0,0.0,,,0.25,1.0,6.077786245542399,6.081759252744547,-0.0039730072021484,0.0,True,not_measured_no_retained_cross_position_edge,,,,,,,,,,,,,,,,-0.0039730072021484375,-0.0039730072021484375,0.0,-0.0011570147370743022
14375_onion_stage,14375,supported,3,decision_query_control,event_3_scope_and_value,31,8,660,"[82, 83, 84, 85, 86, 87, 88, 89, 90, 91, 92, 93, 94, 95, 96, 97, 98, 99, 100, 101, 102]",True,scope_and_value,0.0,0.0,,,1.0,1.0,6.077786245542399,6.083534994321696,-0.0057487487792977,0.0,True,not_measured_no_retained_cross_position_edge,,,,,,,,,,,,,,,,-0.005748748779297763,-0.005748748779296875,-8.881784197001252e-16,-0.0014264271710455745
14375_onion_stage,14375,unsupported,0,lookback_target_flow,event_0_selected_edge,30,7,659,[0],True,selected_edge,0.0,0.0,0.0,0.0,0.25,1.0,0.0745809072025318,0.0842964271394897,-0.0097155199369578,0.0,True,planned,0.0764558309085865,0.0396511176912475,0.036804713217339,-0.0018749237060546,0.0446453094482421,-0.0465202331542968,0.0745809072025318,0.0764558309085865,0.0,0.0,-0.0097155199369578,0.036804713217339,-0.0465202331542968,0.0858471015779662,0.0015506744384765,-0.00971551993695785,-0.01607704162597634,0.00636152168901849,-0.004322483870737748
14375_onion_stage,14375,unsupported,0,lookback_target_flow,event_0_selected_edge,30,7,659,[0],True,selected_edge,0.0,0.0,0.0,0.0,1.0,1.0,0.0745809072025318,0.07927825719592,-0.0046973499933882,0.0,True,planned,0.0764558309085865,0.0455372598814669,0.0309185710271195,-0.0018749237060546,0.0337409973144531,-0.0356159210205078,0.0745809072025318,0.0764558309085865,0.0,0.0,-0.0046973499933882,0.0309185710271195,-0.0356159210205078,0.0790512827086153,-0.0002269744873046,-0.004697349993388222,-0.012781143188476562,0.00808379319508834,-0.002965509640981745
14375_onion_stage,14375,unsupported,0,lookback_target_flow,event_0_scope,30,7,659,"[82, 83, 84, 85, 86, 87, 88, 89, 90, 91]",True,scope,0.0,0.0,0.0,0.0,0.25,1.0,0.0745809072025318,0.0742522480925185,0.0003286591100133,0.0,True,planned,0.0764558309085865,0.0561400654753305,0.0203157654332559,-0.0018749237060546,0.0181121826171879,-0.0199871063232426,0.0745809072025318,0.0764558309085865,0.0,0.0,0.0003286591100133,0.0203157654332559,-0.0199871063232426,0.0729514363249403,-0.0013008117675781,0.0003286591100133407,-0.008573532104491965,0.008902191214505306,-0.0014456913884994815
14375_onion_stage,14375,unsupported,0,lookback_target_flow,event_0_scope,30,7,659,"[82, 83, 84, 85, 86, 87, 88, 89, 90, 91]",True,scope,0.0,0.0,0.0,0.0,1.0,1.0,0.0745809072025318,0.0880577028422338,-0.0134767956397019,0.0,True,planned,0.0764558309085865,0.0709697664408666,0.0054860644677199,-0.0018749237060546,0.0170879364013671,-0.0189628601074218,0.0745809072025318,0.0764558309085865,0.0,0.0,-0.0134767956397019,0.0054860644677199,-0.0189628601074218,0.0875789583353978,-0.0004787445068359,-0.013476795639701944,-0.0069789886474609375,-0.0064978069922410064,-0.0032808571104638307
14375_onion_stage,14375,unsupported,0,lookback_target_flow,event_0_supported_value,30,7,659,"[92, 93, 94, 95, 96, 97, 98, 99, 100, 101, 102]",True,supported_value,0.0,0.0,0.0,0.0,0.25,1.0,0.0745809072025318,0.0780451215307644,-0.0034642143282326,0.0,True,planned,0.0764558309085865,0.0631983197729519,0.0132575111356345,-0.0018749237060546,0.0148468017578125,-0.0167217254638671,0.0745809072025318,0.0764558309085865,0.0,0.0,-0.0034642143282326,0.0132575111356345,-0.0167217254638671,0.0781824506323269,0.0001373291015625,-0.0034642143282326288,-0.007522583007812722,0.004058368679580093,-0.0016911488034209166
14375_onion_stage,14375,unsupported,0,lookback_target_flow,event_0_supported_value,30,7,659,"[92, 93, 94, 95, 96, 97, 98, 99, 100, 101, 102]",True,supported_value,0.0,0.0,0.0,0.0,1.0,1.0,0.0745809072025318,0.0587848668248538,0.015796040377678,0.0,True,planned,0.0764558309085865,0.0551780705602058,0.0212777603483806,-0.0018749237060546,0.0036067962646479,-0.0054817199707026,0.0745809072025318,0.0764558309085865,0.0,0.0,0.015796040377678,0.0212777603483806,-0.0054817199707026,0.0819477086217288,0.023162841796875,0.01579604037767801,0.00368499755859375,0.012111042819084261,0.0016245659007442237
14375_onion_stage,14375,unsupported,0,lookback_target_flow,event_0_value_source,30,7,659,"[65, 66, 67, 68, 69, 70, 71, 72, 73, 74, 75, 76, 77, 78]",True,value_source,0.0,0.0,0.0,0.0,0.25,1.0,0.0745809072025318,0.0780605896872144,-0.0034796824846825,0.0,True,planned,0.0764558309085865,0.0743641480368237,0.0020916828717627,-0.0018749237060546,0.0036964416503906,-0.0055713653564453,0.0745809072025318,0.0764558309085865,0.0,0.0,-0.0034796824846825,0.0020916828717627,-0.0055713653564453,0.0816807373922925,0.0036201477050781,-0.003479682484682556,-0.008535385131835938,0.005055702647153382,-0.002344481712299673
14375_onion_stage,14375,unsupported,0,lookback_target_flow,event_0_value_source,30,7,659,"[65, 66, 67, 68, 69, 70, 71, 72, 73, 74, 75, 76, 77, 78]",True,value_source,0.0,0.0,0.0,0.0,1.0,1.0,0.0745809072025318,0.0914508100282867,-0.0168699028257548,0.0,True,planned,0.0764558309085865,0.0528594251405909,0.0235964057679956,-0.0018749237060546,0.0385913848876957,-0.0404663085937504,0.0745809072025318,0.0764558309085865,0.0,0.0,-0.0168699028257548,0.0235964057679956,-0.0404663085937504,0.090399860931607,-0.0010509490966796,-0.016869902825754846,-0.022006988525390625,0.0051370856996357794,-0.005546866455053756
14375_onion_stage,14375,unsupported,0,lookback_target_flow,event_0_scope_and_value,30,7,659,"[82, 83, 84, 85, 86, 87, 88, 89, 90, 91, 92, 93, 94, 95, 96, 97, 98, 99, 100, 101, 102]",True,scope_and_value,0.0,0.0,0.0,0.0,0.25,1.0,0.0745809072025318,0.0825173929061735,-0.0079364857036416,0.0,True,planned,0.0764558309085865,0.0588853433456266,0.0175704875629598,-0.0018749237060546,0.0236320495605468,-0.0255069732666015,0.0745809072025318,0.0764558309085865,0.0,0.0,-0.0079364857036416,0.0175704875629598,-0.0255069732666015,0.0800530984725798,-0.0024642944335937,-0.007936485703641694,-0.013946533203125,0.006010047499483306,-0.0031714297658466672
14375_onion_stage,14375,unsupported,0,lookback_target_flow,event_0_scope_and_value,30,7,659,"[82, 83, 84, 85, 86, 87, 88, 89, 90, 91, 92, 93, 94, 95, 96, 97, 98, 99, 100, 101, 102]",True,scope_and_value,0.0,0.0,0.0,0.0,1.0,1.0,0.0745809072025318,0.0837361605293147,-0.0091552533267829,0.0,True,planned,0.0764558309085865,0.066470840705096,0.0099849902034905,-0.0018749237060546,0.0172653198242187,-0.0191402435302734,0.0745809072025318,0.0764558309085865,0.0,0.0,-0.0091552533267829,0.0099849902034905,-0.0191402435302734,0.0815007479316585,-0.0022354125976562,-0.009155253326782908,-0.008625030517578125,-0.0005302228092047834,-0.0032952627370109733
14375_onion_stage,14375,unsupported,1,matched_low_flow,event_1_selected_edge,30,7,650,[24],True,selected_edge,0.0,0.0,,,0.25,1.0,0.0745809072025318,0.081513102009846,-0.0069321948073142,0.0,True,not_measured_no_retained_cross_position_edge,,,,,,,,,,,,,,,,-0.006932194807314218,-0.0056552886962890625,-0.0012769061110251556,-0.0021167938544637277
14375_onion_stage,14375,unsupported,1,matched_low_flow,event_1_selected_edge,30,7,650,[24],True,selected_edge,0.0,0.0,,,1.0,1.0,0.0745809072025318,0.0750878672712929,-0.000506960068761,0.0,True,not_measured_no_retained_cross_position_edge,,,,,,,,,,,,,,,,-0.0005069600687610532,-0.0035572052001955345,0.0030502451314344814,-0.0013066798620212094
14375_onion_stage,14375,unsupported,1,matched_low_flow,event_1_scope,30,7,650,"[82, 83, 84, 85, 86, 87, 88, 89, 90, 91]",True,scope,0.0,0.0,,,0.25,1.0,0.0745809072025318,0.0783832656368059,-0.0038023584342741,0.0,True,not_measured_no_retained_cross_position_edge,,,,,,,,,,,,,,,,-0.0038023584342741223,-0.00514984130859375,0.0013474828743196277,-0.0015931853498692417
14375_onion_stage,14375,unsupported,1,matched_low_flow,event_1_scope,30,7,650,"[82, 83, 84, 85, 86, 87, 88, 89, 90, 91]",True,scope,0.0,0.0,,,1.0,1.0,0.0745809072025318,0.0881442593770125,-0.0135633521744806,0.0,True,not_measured_no_retained_cross_position_edge,,,,,,,,,,,,,,,,-0.01356335217448068,-0.0122528076171875,-0.0013105445572931806,-0.003587929135274892
14375_onion_stage,14375,unsupported,1,matched_low_flow,event_1_supported_value,30,7,650,"[92, 93, 94, 95, 96, 97, 98, 99, 100, 101, 102]",True,supported_value,0.0,0.0,,,0.25,1.0,0.0745809072025318,0.0771458356666836,-0.0025649284641517,0.0,True,not_measured_no_retained_cross_position_edge,,,,,,,,,,,,,,,,-0.0025649284641517944,-0.0066165924072265625,0.004051663943074768,-0.0014202036000542928
14375_onion_stage,14375,unsupported,1,matched_low_flow,event_1_supported_value,30,7,650,"[92, 93, 94, 95, 96, 97, 98, 99, 100, 101, 102]",True,supported_value,0.0,0.0,,,1.0,1.0,0.0745809072025318,0.0789477820383903,-0.0043668748358585,0.0,True,not_measured_no_retained_cross_position_edge,,,,,,,,,,,,,,,,-0.004366874835858514,-0.003513336181640625,-0.0008535386542178891,-0.001362657179031057
14375_onion_stage,14375,unsupported,1,matched_low_flow,event_1_value_source,30,7,650,"[65, 66, 67, 68, 69, 70, 71, 72, 73, 74, 75, 76, 77, 78]",True,value_source,0.0,0.0,,,0.25,1.0,0.0745809072025318,0.0734196069911372,0.0011613002113946,0.0,True,not_measured_no_retained_cross_position_edge,,,,,,,,,,,,,,,,0.0011613002113946003,5.7220458984375e-05,0.0011040797524102253,-0.0005465961781707107
14375_onion_stage,14375,unsupported,1,matched_low_flow,event_1_value_source,30,7,650,"[65, 66, 67, 68, 69, 70, 71, 72, 73, 74, 75, 76, 77, 78]",True,value_source,0.0,0.0,,,1.0,1.0,0.0745809072025318,0.0673458454335871,0.0072350617689447,0.0,True,not_measured_no_retained_cross_position_edge,,,,,,,,,,,,,,,,0.007235061768944728,-0.008905410766601562,0.01614047253554629,-0.0009943821719543
14375_onion_stage,14375,unsupported,1,matched_low_flow,event_1_scope_and_value,30,7,650,"[82, 83, 84, 85, 86, 87, 88, 89, 90, 91, 92, 93, 94, 95, 96, 97, 98, 99, 100, 101, 102]",True,scope_and_value,0.0,0.0,,,0.25,1.0,0.0745809072025318,0.0823448216773421,-0.0077639144748102,0.0,True,not_measured_no_retained_cross_position_edge,,,,,,,,,,,,,,,,-0.007763914474810285,0.0009326934814453125,-0.008696607956255598,-0.001768142602600331
14375_onion_stage,14375,unsupported,1,matched_low_flow,event_1_scope_and_value,30,7,650,"[82, 83, 84, 85, 86, 87, 88, 89, 90, 91, 92, 93, 94, 95, 96, 97, 98, 99, 100, 101, 102]",True,scope_and_value,0.0,0.0,,,1.0,1.0,0.0745809072025318,0.0765688618321407,-0.0019879546296088,0.0,True,not_measured_no_retained_cross_position_edge,,,,,,,,,,,,,,,,-0.001987954629608879,-0.010066986083984375,0.008079031454375496,-0.002091859397381546
14375_onion_stage,14375,unsupported,2,high_flow_without_positive_lookback,event_2_selected_edge,30,5,659,[0],True,selected_edge,0.0,0.0,0.0,0.0,0.25,1.0,0.0745809072025318,0.0601424820105473,0.0144384251919844,0.0,True,planned,0.0764558309085865,0.0413493759314458,0.0351064549771407,-0.0018749237060546,0.0187931060791015,-0.0206680297851562,0.0745809072025318,0.0764558309085865,0.0,0.0,0.0144384251919844,0.0351064549771407,-0.0206680297851562,0.062292063919727,0.0021495819091796,0.01443842519198446,0.003852844238281028,0.010585580953703433,0.001891330919734202
14375_onion_stage,14375,unsupported,2,high_flow_without_positive_lookback,event_2_selected_edge,30,5,659,[0],True,selected_edge,0.0,0.0,0.0,0.0,1.0,1.0,0.0745809072025318,0.065923088580118,0.0086578186224137,0.0,True,planned,0.0764558309085865,0.0351060567197665,0.04134977418882,-0.0018749237060546,0.0308170318603515,-0.0326919555664062,0.0745809072025318,0.0764558309085865,0.0,0.0,0.0086578186224137,0.04134977418882,-0.0326919555664062,0.0614427266416415,-0.0044803619384765,0.008657818622413771,-0.0071544647216796875,0.01581228334409346,-0.0016548497704422238
14375_onion_stage,14375,unsupported,2,high_flow_without_positive_lookback,event_2_scope,30,5,659,"[82, 83, 84, 85, 86, 87, 88, 89, 90, 91]",True,scope,0.0,0.0,0.0,0.0,0.25,1.0,0.0745809072025318,0.0693847857670562,0.0051961214354756,0.0,True,planned,0.0764558309085865,0.0712597094731108,0.0051961214354756,-0.0018749237060546,-0.0018749237060546,0.0,0.0745809072025318,0.0764558309085865,0.0,0.0,0.0051961214354756,0.0051961214354756,0.0,0.0693847857670562,0.0,0.0051961214354756535,0.0,0.0051961214354756535,0.000733274898758296
14375_onion_stage,14375,unsupported,2,high_flow_without_positive_lookback,event_2_scope,30,5,659,"[82, 83, 84, 85, 86, 87, 88, 89, 90, 91]",True,scope,0.0,0.0,0.0,0.0,1.0,1.0,0.0745809072025318,0.0689394198381401,0.0056414873643917,0.0,True,planned,0.0764558309085865,0.0542280398332577,0.0222277910753287,-0.0018749237060546,0.0147113800048823,-0.016586303710937,0.0745809072025318,0.0764558309085865,0.0,0.0,0.0056414873643917,0.0222277910753287,-0.016586303710937,0.0622408114397026,-0.0066986083984375,0.00564148736439174,-0.004596710205077903,0.010238197569469643,-0.0006317349049255183
14375_onion_stage,14375,unsupported,2,high_flow_without_positive_lookback,event_2_supported_value,30,5,659,"[92, 93, 94, 95, 96, 97, 98, 99, 100, 101, 102]",True,supported_value,0.0,0.0,0.0,0.0,0.25,1.0,0.0745809072025318,0.0656561969896447,0.0089247102128871,0.0,True,planned,0.0764558309085865,0.0476107715746056,0.0288450593339808,-0.0018749237060546,0.018045425415039,-0.0199203491210937,0.0745809072025318,0.0764558309085865,0.0,0.0,0.0089247102128871,0.0288450593339808,-0.0199203491210937,0.0616335987230431,-0.0040225982666015,0.0089247102128871,-0.003177642822265625,0.012102353035152724,0.0008316871175175211
14375_onion_stage,14375,unsupported,2,high_flow_without_positive_lookback,event_2_supported_value,30,5,659,"[92, 93, 94, 95, 96, 97, 98, 99, 100, 101, 102]",True,supported_value,0.0,0.0,0.0,0.0,1.0,1.0,0.0745809072025318,0.086944441805743,-0.0123635346032111,0.0,True,planned,0.0764558309085865,0.0748652029141414,0.001590627994445,-0.0018749237060546,0.0120792388916015,-0.0139541625976562,0.0745809072025318,0.0764558309085865,0.0,0.0,-0.0123635346032111,0.001590627994445,-0.0139541625976562,0.0852983999356258,-0.0016460418701171,-0.012363534603211157,-0.013385772705078125,0.001022238101866968,-0.003967801700768825
14375_onion_stage,14375,unsupported,2,high_flow_without_positive_lookback,event_2_value_source,30,5,659,"[65, 66, 67, 68, 69, 70, 71, 72, 73, 74, 75, 76, 77, 78]",True,value_source,0.0,0.0,0.0,0.0,0.25,1.0,0.0745809072025318,0.0704559494918162,0.0041249577107156,0.0,True,planned,0.0764558309085865,0.0593361069625193,0.0171197239460672,-0.0018749237060546,0.0111198425292968,-0.0129947662353515,0.0745809072025318,0.0764558309085865,0.0,0.0,0.0041249577107156,0.0171197239460672,-0.0129947662353515,0.0708603074019729,0.0004043579101566,0.004124957710715638,-0.004314422607421875,0.008439380318137513,-0.0003021877070114587
14375_onion_stage,14375,unsupported,2,high_flow_without_positive_lookback,event_2_value_source,30,5,659,"[65, 66, 67, 68, 69, 70, 71, 72, 73, 74, 75, 76, 77, 78]",True,value_source,0.0,0.0,0.0,0.0,1.0,1.0,0.0745809072025318,0.0815172559072765,-0.0069363487047446,0.0,True,planned,0.0764558309085865,0.060835874681691,0.0156199562268954,-0.0018749237060546,0.0206813812255854,-0.0225563049316401,0.0745809072025318,0.0764558309085865,0.0,0.0,-0.0069363487047446,0.0156199562268954,-0.0225563049316401,0.0743627911855973,-0.0071544647216792,-0.006936348704744688,-0.01082801818847634,0.0038916694837316523,-0.002455899673957429
14375_onion_stage,14375,unsupported,2,high_flow_without_positive_lookback,event_2_scope_and_value,30,5,659,"[82, 83, 84, 85, 86, 87, 88, 89, 90, 91, 92, 93, 94, 95, 96, 97, 98, 99, 100, 101, 102]",True,scope_and_value,0.0,0.0,0.0,0.0,0.25,1.0,0.0745809072025318,0.065191335317202,0.0093895718853298,0.0,True,planned,0.0764558309085865,0.054281301137514,0.0221745297710724,-0.0018749237060546,0.0109100341796879,-0.0127849578857426,0.0745809072025318,0.0764558309085865,0.0,0.0,0.0093895718853298,0.0221745297710724,-0.0127849578857426,0.064077443715639,-0.0011138916015629,0.00938957188532985,0.0020008087158200905,0.00738876316950976,0.0007738133477438458
14375_onion_stage,14375,unsupported,2,high_flow_without_positive_lookback,event_2_scope_and_value,30,5,659,"[82, 83, 84, 85, 86, 87, 88, 89, 90, 91, 92, 93, 94, 95, 96, 97, 98, 99, 100, 101, 102]",True,scope_and_value,0.0,0.0,0.0,0.0,1.0,1.0,0.0745809072025318,0.0714152567396273,0.0031656504629045,0.0,True,planned,0.0764558309085865,0.0743964426527128,0.0020593882558737,-0.0018749237060546,-0.0029811859130854,0.0011062622070308,0.0745809072025318,0.0764558309085865,0.0,0.0,0.0031656504629045,0.0020593882558737,0.0011062622070308,0.0788424723157992,0.0074272155761718,0.0031656504629045124,-0.003540039062500222,0.006705689525404734,-0.00027530482798410194
14375_onion_stage,14375,unsupported,3,decision_query_control,event_3_selected_edge,31,8,660,[0],True,selected_edge,0.0,0.0,,,0.25,1.0,0.0745809072025318,0.0653970235355401,0.0091838836669917,0.0,True,not_measured_no_retained_cross_position_edge,,,,,,,,,,,,,,,,0.009183883666991743,0.009183883666992188,-4.440892098500626e-16,0.0028318726108291226
14375_onion_stage,14375,unsupported,3,decision_query_control,event_3_selected_edge,31,8,660,[0],True,selected_edge,0.0,0.0,,,1.0,1.0,0.0745809072025318,0.0806729787357354,-0.0060920715332035,0.0,True,not_measured_no_retained_cross_position_edge,,,,,,,,,,,,,,,,-0.006092071533203569,-0.006092071533203125,-4.440892098500626e-16,-0.0016136559048109955
14375_onion_stage,14375,unsupported,3,decision_query_control,event_3_scope,31,8,660,"[82, 83, 84, 85, 86, 87, 88, 89, 90, 91]",True,scope,0.0,0.0,,,0.25,1.0,0.0745809072025318,0.0761353963382744,-0.0015544891357426,0.0,True,not_measured_no_retained_cross_position_edge,,,,,,,,,,,,,,,,-0.0015544891357426316,-0.0015544891357421875,-4.440892098500626e-16,-0.0004865824024937737
14375_onion_stage,14375,unsupported,3,decision_query_control,event_3_scope,31,8,660,"[82, 83, 84, 85, 86, 87, 88, 89, 90, 91]",True,scope,0.0,0.0,,,1.0,1.0,0.0745809072025318,0.0768182271488213,-0.0022373199462895,0.0,True,not_measured_no_retained_cross_position_edge,,,,,,,,,,,,,,,,-0.0022373199462895066,-0.0022373199462890625,-4.440892098500626e-16,-6.73508370378495e-05
14375_onion_stage,14375,unsupported,3,decision_query_control,event_3_supported_value,31,8,660,"[92, 93, 94, 95, 96, 97, 98, 99, 100, 101, 102]",True,supported_value,0.0,0.0,,,0.25,1.0,0.0745809072025318,0.0769574635990166,-0.0023765563964848,0.0,True,not_measured_no_retained_cross_position_edge,,,,,,,,,,,,,,,,-0.002376556396484819,-0.002376556396484375,-4.440892098500626e-16,-0.0006888627108807
14375_onion_stage,14375,unsupported,3,decision_query_control,event_3_supported_value,31,8,660,"[92, 93, 94, 95, 96, 97, 98, 99, 100, 101, 102]",True,supported_value,0.0,0.0,,,1.0,1.0,0.0745809072025318,0.0780751698978448,-0.0034942626953129,0.0,True,not_measured_no_retained_cross_position_edge,,,,,,,,,,,,,,,,-0.003494262695312944,-0.0034942626953125,-4.440892098500626e-16,-0.0006935193993127808
14375_onion_stage,14375,unsupported,3,decision_query_control,event_3_value_source,31,8,660,"[65, 66, 67, 68, 69, 70, 71, 72, 73, 74, 75, 76, 77, 78]",True,value_source,0.0,0.0,,,0.25,1.0,0.0745809072025318,0.0865800374515557,-0.0119991302490238,0.0,True,not_measured_no_retained_cross_position_edge,,,,,,,,,,,,,,,,-0.011999130249023882,-0.011999130249023438,-4.440892098500626e-16,-0.002811610039850365
14375_onion_stage,14375,unsupported,3,decision_query_control,event_3_value_source,31,8,660,"[65, 66, 67, 68, 69, 70, 71, 72, 73, 74, 75, 76, 77, 78]",True,value_source,0.0,0.0,,,1.0,1.0,0.0745809072025318,0.0843160146244068,-0.009735107421875,0.0,True,not_measured_no_retained_cross_position_edge,,,,,,,,,,,,,,,,-0.009735107421875,-0.009735107421875,0.0,-0.003026846077384404
14375_onion_stage,14375,unsupported,3,decision_query_control,event_3_scope_and_value,31,8,660,"[82, 83, 84, 85, 86, 87, 88, 89, 90, 91, 92, 93, 94, 95, 96, 97, 98, 99, 100, 101, 102]",True,scope_and_value,0.0,0.0,,,0.25,1.0,0.0745809072025318,0.0773465627201099,-0.0027656555175781,0.0,True,not_measured_no_retained_cross_position_edge,,,,,,,,,,,,,,,,-0.002765655517578125,-0.002765655517578125,0.0,-0.00048037691896191115
14375_onion_stage,14375,unsupported,3,decision_query_control,event_3_scope_and_value,31,8,660,"[82, 83, 84, 85, 86, 87, 88, 89, 90, 91, 92, 93, 94, 95, 96, 97, 98, 99, 100, 101, 102]",True,scope_and_value,0.0,0.0,,,1.0,1.0,0.0745809072025318,0.0751473897464776,-0.0005664825439457,0.0,True,not_measured_no_retained_cross_position_edge,,,,,,,,,,,,,,,,-0.0005664825439457566,-0.0005664825439453125,-4.440892098500626e-16,-0.0006245276266494959
