method,aggregation,observed_tokens,cohort,metric,pairs,mean,low,high,sources
current,current,1,eligible_at_k,paired_win,50,0.8666666666666666,0.7625,0.9541666666666668,40
current,current,1,eligible_at_k,gap,50,0.18118396854648985,0.12245661530954143,0.23980780154233783,40
current,current,2,eligible_at_k,paired_win,50,0.8416666666666666,0.7375,0.9416666666666667,40
current,current,2,eligible_at_k,gap,50,0.2128255839770039,0.1467238657549024,0.2805238545166018,40
current,current,4,eligible_at_k,paired_win,49,0.8247863247863247,0.7094017094017093,0.9316239316239315,39
current,current,4,eligible_at_k,gap,49,0.22124046386561844,0.14267929562041137,0.29632004373189474,39
current,current,8,eligible_at_k,paired_win,43,0.7870370370370371,0.6527777777777778,0.9027777777777778,36
current,current,8,eligible_at_k,gap,43,0.28682066910658727,0.19514057741034777,0.37598692687073104,36
current,prefix_mean,1,eligible_at_k,paired_win,50,0.8666666666666666,0.7625,0.9541666666666668,40
current,prefix_mean,1,eligible_at_k,gap,50,0.18118396854648985,0.12245661530954143,0.23980780154233783,40
current,prefix_mean,2,eligible_at_k,paired_win,50,0.8833333333333334,0.7833333333333334,0.9625,40
current,prefix_mean,2,eligible_at_k,gap,50,0.1970047762617469,0.13904105902416633,0.2576952846604399,40
current,prefix_mean,4,eligible_at_k,paired_win,49,0.876068376068376,0.7733974358974358,0.9658119658119657,39
current,prefix_mean,4,eligible_at_k,gap,49,0.20497429376452142,0.1423431128500284,0.26654651010166214,39
current,prefix_mean,8,eligible_at_k,paired_win,43,0.8148148148148148,0.6849537037037037,0.925925925925926,36
current,prefix_mean,8,eligible_at_k,gap,43,0.24137171041824057,0.17524227313352406,0.3077716813215779,36
current_increment,current,1,eligible_at_k,paired_win,50,0.7833333333333334,0.6497916666666667,0.9,40
current_increment,current,1,eligible_at_k,gap,50,0.13909579989810783,0.07717260897019879,0.20018598769752619,40
current_increment,current,2,eligible_at_k,paired_win,50,0.8041666666666666,0.6791666666666666,0.9166666666666666,40
current_increment,current,2,eligible_at_k,gap,50,0.1553224744896094,0.09303346224354271,0.21707628799889545,40
current_increment,current,4,eligible_at_k,paired_win,49,0.6794871794871795,0.5384615384615384,0.8076923076923077,39
current_increment,current,4,eligible_at_k,gap,49,0.1257928315263528,0.0625937262714769,0.1912657704705801,39
current_increment,current,8,eligible_at_k,paired_win,43,0.6481481481481483,0.4907407407407407,0.7916666666666666,36
current_increment,current,8,eligible_at_k,gap,43,0.10287089881797633,0.030606495147674457,0.17557596171378254,36
current_increment,prefix_mean,1,eligible_at_k,paired_win,50,0.7833333333333334,0.6497916666666667,0.9,40
current_increment,prefix_mean,1,eligible_at_k,gap,50,0.13909579989810783,0.07717260897019879,0.20018598769752619,40
current_increment,prefix_mean,2,eligible_at_k,paired_win,50,0.8083333333333333,0.6833333333333333,0.925,40
current_increment,prefix_mean,2,eligible_at_k,gap,50,0.14720913719385864,0.08863721717929003,0.20351254142576358,40
current_increment,prefix_mean,4,eligible_at_k,paired_win,49,0.7521367521367521,0.6196581196581196,0.8717948717948718,39
current_increment,prefix_mean,4,eligible_at_k,gap,49,0.13698760638188603,0.0869304328838873,0.18966640160639936,39
current_increment,prefix_mean,8,eligible_at_k,paired_win,43,0.7175925925925926,0.5694444444444444,0.8425925925925927,36
current_increment,prefix_mean,8,eligible_at_k,gap,43,0.1239029528469675,0.07574619917991286,0.1710619948552145,36
past_ewma,current,1,eligible_at_k,paired_win,50,0.6916666666666667,0.5583333333333333,0.8208333333333332,40
past_ewma,current,1,eligible_at_k,gap,50,0.06037035600270877,0.01615841994485763,0.10325546170944037,40
past_ewma,current,2,eligible_at_k,paired_win,50,0.8541666666666666,0.75,0.9416666666666667,40
past_ewma,current,2,eligible_at_k,gap,50,0.12077716227459934,0.07510127616788252,0.16437576954505514,40
past_ewma,current,4,eligible_at_k,paired_win,49,0.8504273504273505,0.735042735042735,0.9487179487179487,39
past_ewma,current,4,eligible_at_k,gap,49,0.18654009295791388,0.12398568265378163,0.24780156100201617,39
past_ewma,current,8,eligible_at_k,paired_win,43,0.8148148148148148,0.6851851851851851,0.925925925925926,36
past_ewma,current,8,eligible_at_k,gap,43,0.2532048378812166,0.17837454209837764,0.32719973352409093,36
past_ewma,prefix_mean,1,eligible_at_k,paired_win,50,0.6916666666666667,0.5583333333333333,0.8208333333333332,40
past_ewma,prefix_mean,1,eligible_at_k,gap,50,0.06037035600270877,0.01615841994485763,0.10325546170944037,40
past_ewma,prefix_mean,2,eligible_at_k,paired_win,50,0.8541666666666666,0.75,0.95,40
past_ewma,prefix_mean,2,eligible_at_k,gap,50,0.09057375913865406,0.04814003624729154,0.13203786200081055,40
past_ewma,prefix_mean,4,eligible_at_k,paired_win,49,0.8247863247863249,0.7094017094017093,0.9273504273504273,39
past_ewma,prefix_mean,4,eligible_at_k,gap,49,0.13410254171131833,0.08522902687510078,0.17953423909226496,39
past_ewma,prefix_mean,8,eligible_at_k,paired_win,43,0.8796296296296295,0.7685185185185185,0.9722222222222222,36
past_ewma,prefix_mean,8,eligible_at_k,gap,43,0.19052080982153174,0.13664174199963378,0.24495711753403765,36
current,current,1,same_pairs_all_k,paired_win,43,0.8935185185185185,0.7916666666666666,0.9768518518518517,36
current,current,1,same_pairs_all_k,gap,43,0.19320995057070695,0.1292197544619234,0.2592897610040381,36
current,current,2,same_pairs_all_k,paired_win,43,0.8518518518518517,0.7361111111111112,0.949074074074074,36
current,current,2,same_pairs_all_k,gap,43,0.21424651842702316,0.14430275940663975,0.2858309160917997,36
current,current,4,same_pairs_all_k,paired_win,43,0.8379629629629629,0.7129629629629629,0.9444444444444444,36
current,current,4,same_pairs_all_k,gap,43,0.22756481950205787,0.1405301920776428,0.31382901428474314,36
current,current,8,same_pairs_all_k,paired_win,43,0.7870370370370371,0.6527777777777778,0.9027777777777778,36
current,current,8,same_pairs_all_k,gap,43,0.28682066910658727,0.19514057741034777,0.37598692687073104,36
current,prefix_mean,1,same_pairs_all_k,paired_win,43,0.8935185185185185,0.7916666666666666,0.9768518518518517,36
current,prefix_mean,1,same_pairs_all_k,gap,43,0.19320995057070695,0.1292197544619234,0.2592897610040381,36
current,prefix_mean,2,same_pairs_all_k,paired_win,43,0.9120370370370371,0.8194444444444444,0.9861111111111112,36
current,prefix_mean,2,same_pairs_all_k,gap,43,0.20372823449886507,0.14170548582915216,0.26691186161867025,36
current,prefix_mean,4,same_pairs_all_k,paired_win,43,0.8935185185185185,0.787037037037037,0.9768518518518517,36
current,prefix_mean,4,same_pairs_all_k,gap,43,0.2119554115752517,0.14389654335639163,0.27715282554789966,36
current,prefix_mean,8,same_pairs_all_k,paired_win,43,0.8148148148148148,0.6849537037037037,0.925925925925926,36
current,prefix_mean,8,same_pairs_all_k,gap,43,0.24137171041824057,0.17524227313352406,0.3077716813215779,36
current_increment,current,1,same_pairs_all_k,paired_win,43,0.7870370370370371,0.6481481481481481,0.9076388888888878,36
current_increment,current,1,same_pairs_all_k,gap,43,0.13752325999171092,0.07091621473552312,0.2036751598510373,36
current_increment,current,2,same_pairs_all_k,paired_win,43,0.8101851851851851,0.6805555555555556,0.9305555555555556,36
current_increment,current,2,same_pairs_all_k,gap,43,0.14294883946853656,0.08207733060845554,0.2089704038298481,36
current_increment,current,4,same_pairs_all_k,paired_win,43,0.6944444444444444,0.5552083333333334,0.8333333333333334,36
current_increment,current,4,same_pairs_all_k,gap,43,0.12110745076917939,0.05038788213627417,0.1893899590190914,36
current_increment,current,8,same_pairs_all_k,paired_win,43,0.6481481481481483,0.4907407407407407,0.7916666666666666,36
current_increment,current,8,same_pairs_all_k,gap,43,0.10287089881797633,0.030606495147674457,0.17557596171378254,36
current_increment,prefix_mean,1,same_pairs_all_k,paired_win,43,0.7870370370370371,0.6481481481481481,0.9076388888888878,36
current_increment,prefix_mean,1,same_pairs_all_k,gap,43,0.13752325999171092,0.07091621473552312,0.2036751598510373,36
current_increment,prefix_mean,2,same_pairs_all_k,paired_win,43,0.8148148148148149,0.675925925925926,0.9351851851851851,36
current_increment,prefix_mean,2,same_pairs_all_k,gap,43,0.14023604973012374,0.08243261362115545,0.19895714396313346,36
current_increment,prefix_mean,4,same_pairs_all_k,paired_win,43,0.7592592592592592,0.6157407407407407,0.8888888888888888,36
current_increment,prefix_mean,4,same_pairs_all_k,gap,43,0.13177328021869203,0.07608759942276974,0.18635299719428136,36
current_increment,prefix_mean,8,same_pairs_all_k,paired_win,43,0.7175925925925926,0.5694444444444444,0.8425925925925927,36
current_increment,prefix_mean,8,same_pairs_all_k,gap,43,0.1239029528469675,0.07574619917991286,0.1710619948552145,36
past_ewma,current,1,same_pairs_all_k,paired_win,43,0.7268518518518517,0.5833333333333334,0.8518518518518517,36
past_ewma,current,1,same_pairs_all_k,gap,43,0.06660915110706636,0.021835753931895935,0.11317787261593434,36
past_ewma,current,2,same_pairs_all_k,paired_win,43,0.8796296296296295,0.7777777777777778,0.9677083333333326,36
past_ewma,current,2,same_pairs_all_k,gap,43,0.1299095508388867,0.0830061543297605,0.17676917576164652,36
past_ewma,current,4,same_pairs_all_k,paired_win,43,0.8657407407407407,0.7546296296296295,0.9629629629629629,36
past_ewma,current,4,same_pairs_all_k,gap,43,0.19243919621708688,0.12796051977370707,0.2564964088963387,36
past_ewma,current,8,same_pairs_all_k,paired_win,43,0.8148148148148148,0.6851851851851851,0.925925925925926,36
past_ewma,current,8,same_pairs_all_k,gap,43,0.2532048378812166,0.17837454209837764,0.32719973352409093,36
past_ewma,prefix_mean,1,same_pairs_all_k,paired_win,43,0.7268518518518517,0.5833333333333334,0.8518518518518517,36
past_ewma,prefix_mean,1,same_pairs_all_k,gap,43,0.06660915110706636,0.021835753931895935,0.11317787261593434,36
past_ewma,prefix_mean,2,same_pairs_all_k,paired_win,43,0.8796296296296295,0.7777777777777778,0.9675925925925924,36
past_ewma,prefix_mean,2,same_pairs_all_k,gap,43,0.09825935097297651,0.05529849100431888,0.14138628416176457,36
past_ewma,prefix_mean,4,same_pairs_all_k,paired_win,43,0.8518518518518517,0.7361111111111112,0.949074074074074,36
past_ewma,prefix_mean,4,same_pairs_all_k,gap,43,0.1402589831989987,0.09103210109013898,0.1886568322178793,36
past_ewma,prefix_mean,8,same_pairs_all_k,paired_win,43,0.8796296296296295,0.7685185185185185,0.9722222222222222,36
past_ewma,prefix_mean,8,same_pairs_all_k,gap,43,0.19052080982153174,0.13664174199963378,0.24495711753403765,36
